id,title,artist,album,album_artist,genre,grouping,composer,bpm,key,duration,comment,rating,coverart_location,color,Cover Art Filename,filename,Mood
1965,Manhattan Bridge,StudioRich,Field Recording,,Field Recording,,,138.0,Bb,3819.650612244,,,,,,,
2065,Lofi Dreams chill Vibes,StudioRich,Mix,,,,,88.0,Gm,5594.267573696,,,,,,,
2067,Bay Ridge Sunset v2 + 30-min Mix,StudioRich,Mix,,,,,81.10670219051082,Dm,1920.052244897,,,,,,,
2068,Cloud Ecstacy Mix,StudioRich,Mix,,,,,87.0,Fm,3218.5759637180004,,,,,,,
2069,Tropical Lo-Fi Chill Vol. 1,StudioRich,Mix,,,,,117.00550143,G,3615.753287981,,,,,,,
2070,Cinematic Mix,StudioRich,Mix,,,,,82.83333333333333,D,3156.1955555550003,,,,,,,
2071,Lofi Sunday - Cherry Soda - Jan 19 - 1hr,StudioRich,Mix,,,,,72.00308156639952,Db,3625.9700680270003,,,,,,,
2072,Lofi Sunday - Feb 2 - Reflections - Harris Heller,StudioRich,Mix,,,,,149.97761509363096,Ab,3300.089614512,,,,,,,
2426,Abyssal Mix,StudioRich,Stranger Vibes,,Lofi,,,100.75997946216044,D,3477.4174149650003,Generated by Trackstar,0.0,,,Abyssal_Mix.jpg,Abyssal_Mix.flac,
2428,Weightless Memory Drive,StudioRich,Stranger Vibes,,Lofi,,,76.36843045518283,F♯/G♭,4028.3138321990004,Generated by Trackstar,0.0,,,Weightless_Memory_Drive.jpg,Weightless_Memory_Drive.flac,
2429,Tape from the Other Side,StudioRich,Stranger Vibes,,Lofi,Primer,,76.0,B,87.519979166,Generated by Trackstar,5.0,,,Tape_from_the_Other_Side.jpg,Tape_from_the_Other_Side.flac,"Cinematic, Dreamy, Haunting, Hopeful, Intimate, Melancholy"
2467,Blue Hoodie,StudioRich,Stranger Vibes,,Lofi,Withdrawal,,79.25,B♭,122.439979166,Generated by Trackstar,5.0,,,Blue_Hoodie.jpg,Blue_Hoodie.flac,"Dark, Gritty, Haunting, Lonely, Melancholy"
2468,Blue Hoodie (A-Side),StudioRich,Stranger Vibes,,Lofi,Withdrawal,,71.75,D♭,153.879979166,Generated by Trackstar,5.0,,,Blue_Hoodie_--A-Side--.jpg,Blue_Hoodie_--A-Side--.flac,"Chill, Dreamy, Haunting, Intimate"
2469,Blur Escape,StudioRich,Stranger Vibes,,Lofi,Flight,,92.0446829962239,B♭,159.999979166,Generated by Trackstar,5.0,,,Blur_Escape.jpg,Blur_Escape.flac,"Dark, Dreamy, Gritty, Intimate, Lonely"
2470,Blur Escape (A-Side),StudioRich,Stranger Vibes,,Lofi,Flight,,120.0,A♭,143.91997916600002,Generated by Trackstar,5.0,,,Blur_Escape_--A-Side--.jpg,Blur_Escape_--A-Side--.flac,"Dark, Gritty, Haunting, Playful, Tense"
2471,Brotherhood Beat  (A-Side),StudioRich,Stranger Vibes,,Lofi,Legacy,,93.0,D♭,123.79997916600001,Generated by Trackstar,5.0,,,Brotherhood_Beat_--A-Side--.jpg,Brotherhood_Beat_--A-Side--.flac,"Chill, Dreamy, Intimate, Lonely"
2472,Brotherhood Beat  (B-Side),StudioRich,Stranger Vibes,,Lofi,Legacy,,86.0,D♭,102.079979166,Generated by Trackstar,5.0,,,Brotherhood_Beat_--B-Side--.jpg,Brotherhood_Beat_--B-Side--.flac,"Chill, Comforting, Dreamy, Hopeful, Lonely"
2473,Brotherhood Beat (C-Side),StudioRich,Stranger Vibes,,Lofi,Legacy,,81.0,B,136.959979166,Generated by Trackstar,5.0,,,Brotherhood_Beat_--C-Side--.jpg,Brotherhood_Beat_--C-Side--.flac,"Cinematic, Dreamy, Intimate, Lonely"
2474,Brotherhood Beat (D-Side),StudioRich,Stranger Vibes,,Lofi,Legacy,,84.0,D,138.959979166,Generated by Trackstar,5.0,,,Brotherhood_Beat_--D-Side--.jpg,Brotherhood_Beat_--D-Side--.flac,"Cinematic, Comforting, Dreamy, Intimate, Melancholy"
2475,California Sunspot,StudioRich,Stranger Vibes,,Lofi,Echo,,138.0,E♭,112.999979166,Generated by Trackstar,5.0,,,California_Sunspot.jpg,California_Sunspot.flac,"Chill, Cinematic, Dark, Dreamy, Gritty, Hopeful, Intimate"
2476,California Sunspot (A-Side),StudioRich,Stranger Vibes,,Lofi,Echo,,94.0,B♭,147.47997916600002,Generated by Trackstar,5.0,,,California_Sunspot_--A-Side--.jpg,California_Sunspot_--A-Side--.flac,"Cinematic, Dreamy, Gritty, Hopeful, Melancholy, Tense"
2477,Cassette Gravity,StudioRich,Stranger Vibes,,Lofi,Weight,,118.16666666666666,D♯m/E♭m,146.119979166,Generated by Trackstar,5.0,,,Cassette_Gravity.jpg,Cassette_Gravity.flac,"Cinematic, Dark, Haunting, Tense"
2478,Cassette Gravity (A-Side),StudioRich,Stranger Vibes,,Lofi,Weight,,156.08333333333331,B,147.679979166,Generated by Trackstar,5.0,,,Cassette_Gravity_--A-Side--.jpg,Cassette_Gravity_--A-Side--.flac,"Agrressive, Chill, Melancholy, Tense"
2479,Cherry Sparkles,StudioRich,Stranger Vibes,,Lofi,,,80.0,C,119.999979166,Generated by Trackstar,0.0,,,Cherry_Sparkles.jpg,Cherry_Sparkles.flac,"Cinematic, Dreamy, Weightless"
2480,Driveway Fadeout,StudioRich,Stranger Vibes,,Lofi,Echo,,71.83333333333333,D♭,97.439979166,Generated by Trackstar,5.0,,,Driveway_Fadeout.jpg,Driveway_Fadeout.flac,"Dreamy, Intimate, Nostalgic"
2481,Driveway Fadeout (A-Side),StudioRich,Stranger Vibes,,Lofi,Echo,,82.75,B♭,92.919979166,Generated by Trackstar,5.0,,,Driveway_Fadeout_--A-Side--.jpg,Driveway_Fadeout_--A-Side--.flac,"Agrressive, Cinematic, Dark, Energetic, Gritty"
2482,Echoes_of_Nostalgia,,,,,,,0.0,,240.00000000000003,,,Solo_Stand_--B-Side--.png,,,,
2483,Echoes_of_Time,,,,,,,0.0,,202.24,,,Solo_Stand_--B-Side--.png,,,,
2484,Eleven_b,,,,,,,0.0,,125.48,,,Solo_Stand_--B-Side--.png,,,,
2485,Eleven_c,,,,,,,0.0,,138.48000000000002,,,Solo_Stand_--B-Side--.png,,,,
2486,Eleven_d,,,,,,,0.0,,133.68,,,Solo_Stand_--B-Side--.png,,,,
2487,Eleven_e,,,,,,,0.0,,90.92,,,Solo_Stand_--B-Side--.png,,,,
2488,Eleven_g,,,,,,,0.0,,144.28,,,Solo_Stand_--B-Side--.png,,,,
2489,Eleven_h,,,,,,,0.0,,144.16,,,Solo_Stand_--B-Side--.png,,,,
2490,Eleven_i,,,,,,,0.0,,122.72000000000001,,,Solo_Stand_--B-Side--.png,,,,
2491,Eleven_k,,,,,,,0.0,,138.52,,,Solo_Stand_--B-Side--.png,,,,
2492,Eleven_l,,,,,,,0.0,,182.44,,,Solo_Stand_--B-Side--.png,,,,
2493,Eleven_m,,,,,,,0.0,,164.52,,,Solo_Stand_--B-Side--.png,,,,
2494,Eleven_n,,,,,,,0.0,,153.8,,,Solo_Stand_--B-Side--.png,,,,
2495,Eleven_p_GDmCpGgLRJsOiil3,,,,,,,0.0,,98.4,,,Solo_Stand_--B-Side--.png,,,,
2496,Eleven_q,,,,,,,0.0,,100.2,,,Solo_Stand_--B-Side--.png,,,,
2497,Eleven_s,,,,,,,0.0,,129.96,,,Solo_Stand_--B-Side--.png,,,,
2498,Eleven_t,,,,,,,0.0,,213.0,,,Solo_Stand_--B-Side--.png,,,,
2499,Eleven_t_WkaVq7KhrMVNftbD,,,,,,,0.0,,192.16000000000003,,,Solo_Stand_--B-Side--.png,,,,
2500,Eleven_u,,,,,,,0.0,,180.20000000000002,,,Solo_Stand_--B-Side--.png,,,,
2501,Eleven_y_dQDmwFEoKfEPN7jt,,,,,,,0.0,,213.0,,,Solo_Stand_--B-Side--.png,,,,
2502,Empty Hall Echo,StudioRich,Stranger Vibes,,Lofi,Echo,,84.41666666666666,F♯/G♭,106.03997916600001,Generated by Trackstar,5.0,,,Empty_Hall_Echo.jpg,Empty_Hall_Echo.flac,"Cinematic, Dreamy, Energetic, Hopeful, Nostalgic"
2503,Empty Hall Echo (A-Side),StudioRich,Stranger Vibes,,Lofi,Echo,,112.66666666666666,G♯m,98.799979166,Generated by Trackstar,5.0,,,Empty_Hall_Echo_--A-Side--.jpg,Empty_Hall_Echo_--A-Side--.flac,"Cinematic, Intimate, Melancholy, Nostalgic, Tense"
2504,Fade Out Glow (A-Side),StudioRich,Stranger Vibes,,Lofi,Legacy,,85.0,D♭,110.079979166,Generated by Trackstar,5.0,,,Fade_Out_Glow_--A-Side--.jpg,Fade_Out_Glow_--A-Side--.flac,"Chill, Comforting, Dreamy, Intimate, Nostalgic"
2505,Fade Out Glow (B-Side),StudioRich,Stranger Vibes,,Lofi,Legacy,,81.0,Bm,119.359979166,Generated by Trackstar,5.0,,,Fade_Out_Glow_--B-Side--.jpg,Fade_Out_Glow_--B-Side--.flac,"Chill, Gritty, Melancholy, Tense"
2506,Fade Out Glow (C-Side),StudioRich,Stranger Vibes,,Lofi,Legacy,,80.0,Db,149.999979166,Generated by Trackstar,5.0,,,Fade_Out_Glow_--C-Side--.jpg,Fade_Out_Glow_--C-Side--.flac,"Chill, Dreamy, Intimate, Nostalgic, Weightless"
2507,Fade Out Glow (D-Side),StudioRich,Stranger Vibes,,Lofi,Legacy,,81.0,Db,145.879979166,Generated by Trackstar,5.0,,,Fade_Out_Glow_--D-Side--.jpg,Fade_Out_Glow_--D-Side--.flac,"Chill, Gritty, Intimate, Nostalgic"
2508,"Final_Echo,_New_Hope",,,,,,,0.0,,142.68,,,Solo_Stand_--B-Side--.png,,,,
2509,Float Collapse,StudioRich,Stranger Vibes,,Lofi,Break,,83.0,Dm,113.75997916600001,Generated by Trackstar,5.0,,,Float_Collapse.jpg,Float_Collapse.flac,"Chill, Comforting, Dreamy, Haunting, Nostalgic"
2510,Float Collapse (A-Side),StudioRich,Stranger Vibes,,Lofi,Break,,84.0,G♯m,114.279979166,Generated by Trackstar,5.0,,,Float_Collapse_--A-Side--.jpg,Float_Collapse_--A-Side--.flac,"Chill, Dreamy, Gritty, Melancholy, Tense"
2511,Forest_Rhythms,,,,,,,0.0,,102.08000000000001,,,Solo_Stand_--B-Side--.png,,,,
2512,Fourth Period Fog,StudioRich,Stranger Vibes,,Lofi,Weight,,94.0,D♭,102.079979166,Generated by Trackstar,5.0,,,Fourth_Period_Fog.jpg,Fourth_Period_Fog.flac,"Chill, Dreamy, Intimate, Nostalgic"
2513,Fourth Period Fog (A-Side),StudioRich,Stranger Vibes,,Lofi,Weight,,124.16666666666666,F♯/G♭,145.839979166,Generated by Trackstar,5.0,,,Fourth_Period_Fog_--A-Side--.jpg,Fourth_Period_Fog_--A-Side--.flac,"Chill, Dreamy, Hopeful, Melancholy, Weightless"
2514,Fracture Point Break (A-Side),StudioRich,Stranger Vibes,,Lofi,Break,,152.0,F♯/G♭,129.439979166,Generated by Trackstar,5.0,,,Fracture_Point_Break_--A-Side--.jpg,Fracture_Point_Break_--A-Side--.flac,"Cinematic, Dreamy, Gritty, Tense"
2515,Fracture Point Break (B-Side),StudioRich,Stranger Vibes,,Lofi,Break,,80.0,B♭,149.91997916600002,Generated by Trackstar,5.0,,,Fracture_Point_Break_--B-Side--.jpg,Fracture_Point_Break_--B-Side--.flac,"Chill, Comforting, Dreamy, Hopeful, Intimate, Lonely"
2516,Fracture Point Break (C-Side),StudioRich,Stranger Vibes,,Lofi,Break,,74.41666666666666,D,131.07997916600002,Generated by Trackstar,5.0,,,Fracture_Point_Break_--C-Side--.jpg,Fracture_Point_Break_--C-Side--.flac,"Intimate, Melancholy, Nostalgic"
2517,Fracture Point Break (D-Side),StudioRich,Stranger Vibes,,Lofi,Break,,88.0,Fm,174.879979166,Generated by Trackstar,5.0,,,Fracture_Point_Break_--D-Side--.jpg,Fracture_Point_Break_--D-Side--.flac,"Dreamy, Gritty, Intimate, Melancholy, Nostalgic"
2518,Fracture Point Break (E-Side),StudioRich,Stranger Vibes,,Lofi,Break,,151.97094238783788,E♭,148.07997916600002,Generated by Trackstar,5.0,,,Fracture_Point_Break_--E-Side--.jpg,Fracture_Point_Break_--E-Side--.flac,"Dreamy, Melancholy, Nostalgic, Weightless"
2519,Fracture Point Break (F-Side),StudioRich,Stranger Vibes,,Lofi,Break,,75.5,E♭,142.719979166,Generated by Trackstar,5.0,,,Fracture_Point_Break_--F-Side--.jpg,Fracture_Point_Break_--F-Side--.flac,"Chill, Dreamy, Gritty, Lonely, Melancholy"
2520,Headphones In,StudioRich,Stranger Vibes,,Lofi,Break,,80.16666666666666,B♭,139.839979166,Generated by Trackstar,5.0,,,Headphones_In.jpg,Headphones_In.flac,"Chill, Gritty, Haunting, Hopeful, Tense"
2521,Headphones In (A-Side),StudioRich,Stranger Vibes,,Lofi,Break,,118.0,D,162.75997916600002,Generated by Trackstar,5.0,,,Headphones_In_--A-Side--.jpg,Headphones_In_--A-Side--.flac,"Chill, Dreamy, Gritty, Weightless"
2522,Last_Scene_in_Shadows,,,,,,,0.0,,169.0,,,Solo_Stand_--B-Side--.png,,,,
2523,Light Rewind (A-Side),StudioRich,Stranger Vibes,,Lofi,Legacy,,99.0,F,188.679979166,Generated by Trackstar,5.0,,,Light_Rewind_--A-Side--.jpg,Light_Rewind_--A-Side--.flac,"Dreamy, Energetic, Melancholy, Nostalgic, Playful"
2524,Light Rewind (B-Side),StudioRich,Stranger Vibes,,Lofi,Legacy,,100.0,B♭,95.95997916600001,Generated by Trackstar,5.0,,,Light_Rewind_--B-Side--.jpg,Light_Rewind_--B-Side--.flac,"Cinematic, Dark, Energetic"
2525,Light Rewind (C-Side),StudioRich,Stranger Vibes,,Lofi,Legacy,,80.11043796090324,G,108.999979166,Generated by Trackstar,5.0,,,Light_Rewind_--C-Side--.jpg,Light_Rewind_--C-Side--.flac,"Chill, Cinematic, Gritty, Intimate, Lonely"
2526,Light Rewind (D-Side),StudioRich,Stranger Vibes,,Lofi,Legacy,,84.0,Fm,148.959979166,Generated by Trackstar,5.0,,,Light_Rewind_--D-Side--.jpg,Light_Rewind_--D-Side--.flac,"Chill, Dreamy, Gritty, Melancholy, Nostalgic"
2527,Lucas_Sinclair,,,,,,,0.0,,92.4,,,Solo_Stand_--B-Side--.png,,,,
2528,Lucas_Sinclair_CLJnEDbtSWQ0kL0m,,,,,,,0.0,,142.84,,,Solo_Stand_--B-Side--.png,,,,
2529,Lucas_Sinclair_a,,,,,,,0.0,,240.00000000000003,,,Solo_Stand_--B-Side--.png,,,,
2530,Maxine’s Drift,StudioRich,Stranger Vibes,,Lofi,Echo,,87.88727900524943,Cm,141.959979166,Generated by Trackstar,5.0,,,Maxine’s_Drift.jpg,Maxine’s_Drift.flac,"Chill, Comforting, Dreamy, Gritty, Nostalgic"
2531,Midnight Court,StudioRich,Stranger Vibes,Lucas,Lofi,,,88.70286710417484,Cm,159.879979166,Generated by Trackstar,0.0,,,Midnight_Court.jpg,Midnight_Court.flac,"Chill, Comforting, Dreamy, Hopeful, Intimate"
2532,Midnight Court (B-Side),StudioRich,Stranger Vibes,Lucas,Lofi,,,90.0,E♭,158.47997916600002,Generated by Trackstar,0.0,,,Midnight_Court_--B-Side--.jpg,Midnight_Court_--B-Side--.flac,"Chill, Comforting, Dreamy, Hopeful, Intimate"
2533,Midnight_Shadows,,,,,,,0.0,,178.48000000000002,,,Solo_Stand_--B-Side--.png,,,,
2534,Mirror Shard,StudioRich,Stranger Vibes,,Lofi,Flight,,85.5,C♯m,148.47997916600002,Generated by Trackstar,5.0,,,Mirror_Shard.jpg,Mirror_Shard.flac,"Chill, Dreamy, Gritty, Nostalgic"
2535,Mirror Shard (A-Side),StudioRich,Stranger Vibes,,Lofi,Flight,,86.29255410897835,A♭,133.559979166,Generated by Trackstar,5.0,,,Mirror_Shard_--A-Side--.jpg,Mirror_Shard_--A-Side--.flac,"Cinematic, Dreamy, Intimate, Nostalgic"
2536,Muted Sunrise,StudioRich,Stranger Vibes,,Lofi,Withdrawal,,110.0,E♭,138.159979166,Generated by Trackstar,5.0,,,Muted_Sunrise.jpg,Muted_Sunrise.flac,"Chill, Dark, Lonely, Melancholy"
2537,Muted Sunrise (A-Side),StudioRich,Stranger Vibes,,Lofi,Withdrawal,,120.0,F♯/G♭,159.959979166,Generated by Trackstar,5.0,,,Muted_Sunrise_--A-Side--.jpg,Muted_Sunrise_--A-Side--.flac,"Cinematic, Dreamy, Weightless"
2538,Neon Crush,StudioRich,Stranger Vibes,,Lofi,,,90.0,C,216.19997916600002,Generated by Trackstar,0.0,,,Neon_Crush.jpg,Neon_Crush.flac,"Chill, Dreamy, Intimate, Nostalgic, Weightless"
2539,No Signal,StudioRich,Stranger Vibes,,Lofi,Weight,,160.0,C,198.03997916600002,Generated by Trackstar,5.0,,,No_Signal.jpg,No_Signal.flac,"Chill, Dreamy, Energetic, Intimate, Tense, Weightless"
2540,No Signal (A-Side),StudioRich,Stranger Vibes,,Lofi,Weight,,88.0,B♭,119.919979166,Generated by Trackstar,5.0,,,No_Signal_--A-Side--.jpg,No_Signal_--A-Side--.flac,"Chill, Dark, Gritty, Tense"
2541,Nowhere Shortcut,StudioRich,Stranger Vibes,,Lofi,Flight,,101.41666666666666,E♭,114.919979166,Generated by Trackstar,5.0,,,Nowhere_Shortcut.jpg,Nowhere_Shortcut.flac,"Agrressive, Energetic, Gritty, Playful, Tense"
2542,Nowhere Shortcut (A-Side),StudioRich,Stranger Vibes,,Lofi,Flight,,105.54005053352742,Cm,138.679979166,Generated by Trackstar,5.0,,,Nowhere_Shortcut_--A-Side--.jpg,Nowhere_Shortcut_--A-Side--.flac,"Agrressive, Energetic, Gritty, Playful"
2543,Piano_of_Solitude,,,,,,,0.0,,152.04000000000002,,,Solo_Stand_--B-Side--.png,,,,
2544,Prove It,StudioRich,Stranger Vibes,Lucas,Lofi,,,88.0,F♯/G♭,156.799979166,Generated by Trackstar,0.0,,,Prove_It.jpg,Prove_It.flac,"Chill, Comforting, Hopeful, Intimate"
2545,Prove It (B-Side),StudioRich,Stranger Vibes,Lucas,Lofi,,,79.41666667,D♭,114.79997916600001,Generated by Trackstar,0.0,,,Prove_It_--B-Side--.jpg,Prove_It_--B-Side--.flac,"Chill, Comforting, Dreamy, Hopeful, Intimate"
2546,Revival_of_the_Flame,,,,,,,0.0,,214.0,,,Solo_Stand_--B-Side--.png,,,,
2547,Roll Call (A-Side),StudioRich,Stranger Vibes,,Lofi,Legacy,,85.08333333333333,D♭,128.91997916600002,Generated by Trackstar,5.0,,,Roll_Call_--A-Side--.jpg,Roll_Call_--A-Side--.flac,"Chill, Dreamy, Gritty, Intimate"
2548,Roll Call (B-Side),StudioRich,Stranger Vibes,,Lofi,Legacy,,82.16666666666666,E♭,123.279979166,Generated by Trackstar,5.0,,,Roll_Call_--B-Side--.jpg,Roll_Call_--B-Side--.flac,"Chill, Dreamy, Gritty, Intimate, Playful"
2549,Roll Call (C-Side),StudioRich,Stranger Vibes,,Lofi,Legacy,,77.0,D♯m/E♭m,87.23997916600001,Generated by Trackstar,5.0,,,Roll_Call_--C-Side--.jpg,Roll_Call_--C-Side--.flac,"Cinematic, Dark, Intimate, Lonely, Nostalgic"
2550,Roll Call (D-Side),StudioRich,Stranger Vibes,,Lofi,Legacy,,85.0,D♯m/E♭m,107.95997916600001,Generated by Trackstar,5.0,,,Roll_Call_--D-Side--.jpg,Roll_Call_--D-Side--.flac,"Cinematic, Gritty, Intimate, Lonely, Melancholy, Nostalgic"
2551,Scout’s Promise,StudioRich,Stranger Vibes,Lucas,Lofi,,,88.0,B,156.679979166,Generated by Trackstar,0.0,,,Scout's_Promise.jpg,Scout’s_Promise.flac,"Chill, Comforting, Dreamy, Gritty, Nostalgic"
2552,Scout’s Promise (B-Side),StudioRich,Stranger Vibes,Lucas,Lofi,,,145.0,A♭,130.35997916600002,Generated by Trackstar,0.0,,,Scout’s_Promise_--B-Side--.jpg,Scout’s_Promise_--B-Side--.flac,"Chill, Comforting, Dreamy, Gritty, Nostalgic"
2553,Solitude's_Reflection,,,,,,,0.0,,107.04,,,Solo_Stand_--B-Side--.png,,,,
2554,Solo Stand,StudioRich,Stranger Vibes,Lucas,Lofi,,,85.0,Dm,204.91997916600002,Generated by Trackstar,0.0,,,Solo_Stand.jpg,Solo_Stand.flac,"Chill, Hopeful, Intimate"
2555,Solo Stand (B-Side),StudioRich,Stranger Vibes,Lucas,Lofi,,,81.0,D,127.03997916600001,Generated by Trackstar,0.0,,,Solo_Stand_--B-Side--.jpg,Solo_Stand_--B-Side--.flac,"Chill, Comforting, Hopeful, Intimate"
2556,Tape From The Other Side (Studiorich Edit),StudioRich,Stranger Vibes,,Lofi,,,152.0,B,87.52000000000001,Generated by Trackstar,0.0,,,Tape_From_The_Other_Side_--Studiorich_Edit--.jpg,Tape_from_the_Other_Side_--StudioRich_Edit--.flac,"Cinematic, Dreamy, Haunting, Hopeful, Intimate, Melancholy"
2557,Transmission  Unknown Vol.1,StudioRich,Stranger Vibes,,Lofi,,,108.167,Dm,4885.118571428,Generated by Trackstar,0.0,,,Transmission__Unknown_Vol._1.jpg,Transmission__Unknown_Vol.1.flac,
2559,Winning Shot,StudioRich,Stranger Vibes,Lucas,Lofi,,,91.33333333333333,B♭,147.119979166,Generated by Trackstar,0.0,,,Winning_Shot.jpg,Winning_Shot.flac,"Chill, Comforting, Hopeful, Intimate"
2560,Winning Shot (B-Side),StudioRich,Stranger Vibes,Lucas,Lofi,,,94.0,B♭,153.159979166,Generated by Trackstar,0.0,,,Winning_Shot_--B-Side--.jpg,Winning_Shot_--B-Side--.flac,"Chill, Comforting, Dreamy, Hopeful, Intimate"
2583,mom-field-recording-seagulls-may-16-2025,Mom,Field Recording,,,,,129.0,Fm,27.328000000000003,,,,,,,
2584,Letters Left,StudioRich,Stranger Vibes,,Lofi,Echo,,164.0,Db,144.959979166,Generated by Trackstar,5.0,,,Letters_Left.jpg,Letters_Left.flac,"Cinematic, Dreamy, Melancholy, Nostalgic, Playful"
2585,Remote Ghost,StudioRich,Stranger Vibes,,Lofi,Withdrawal,,80.0,Ab,95.95997916600001,Generated by Trackstar,5.0,,,Remote_Ghost.jpg,Remote_Ghost.flac,"Dark, Dreamy, Lonely, Melancholy"
2586,Lucas’ Loop (B-Side),StudioRich,Stranger Vibes,,Lofi,Legacy,,79.16666666666666,Cm,146.959979166,Generated by Trackstar,5.0,,,Lucas’_Loop_--B-Side--.jpg,Lucas’_Loop_--B-Side--.flac,"Chill, Comforting, Dreamy, Gritty, Weightless"
2587,Letters Left (A-Side),StudioRich,Stranger Vibes,,Lofi,Echo,,80.0,Db,174.879979166,Generated by Trackstar,5.0,,,Letters_Left_--A-Side--.jpg,Letters_Left_--A-Side--.flac,"Dreamy, Haunting, Melancholy, Playful, Weightless"
2588,Window_Fade,,,,,,,85.03522610166637,Bb,103.999979166,,,,,,,
2589,Run Loop (A-Side),StudioRich,Stranger Vibes,,Lofi,Flight,,84.33333333333333,Ebm,121.079979166,Generated by Trackstar,5.0,,,Run_Loop_--A-Side--.jpg,Run_Loop_--A-Side--.flac,"Chill, Comforting, Dark, Gritty, Tense"
2590,Static Memory (A-Side),StudioRich,Stranger Vibes,,Lofi,Echo,,80.0,D,149.839979166,Generated by Trackstar,5.0,,,Static_Memory_--A-Side--.jpg,Static_Memory_--A-Side--.flac,"Hopeful, Lonely, Melancholy"
2591,Lucas’ Loop (A-Side),StudioRich,Stranger Vibes,,Lofi,Legacy,,76.58333333333333,B,137.91997916600002,Generated by Trackstar,5.0,,,Lucas’_Loop_--A-Side--.jpg,Lucas’_Loop_--A-Side--.flac,"Chill, Comforting, Dreamy, Gritty, Tense, Weightless"
2592,Window Fade (A-Side),StudioRich,Stranger Vibes,,Lofi,Withdrawal,,85.0,C,124.199979166,Generated by Trackstar,5.0,,,Window_Fade_--A-Side--.jpg,Window_Fade_--A-Side--.flac,"Chill, Cinematic, Dreamy, Haunting, Intimate, Melancholy"
2593,Echoes of Time (A-Side),StudioRich,Stranger Vibes,,Lofi,Primer,,128.08333333333331,C,180.19997916600002,Generated by Trackstar,5.0,,,Echoes_of_Time_--A-Side--.jpg,Echoes_of_Time_--A-Side--.flac,"Chill, Cinematic, Gritty, Lonely, Tense"
2594,A New Dawn,StudioRich,Stranger Vibes,,Lofi,,,84.0,A,192.159979166,Generated by Trackstar,0.0,,,A_New_Dawn.jpg,A_New_Dawn.flac,"Chill, Comforting, Dreamy, Hopeful, Intimate"
2595,A_New_Dawn,,,,,,,0.0,,192.16000000000003,,,,,,,
2596,Backwards Bloom,StudioRich,Stranger Vibes,,Lofi,Primer,,128.25,C#m,212.999979166,Generated by Trackstar,5.0,,,Backwards_Bloom.jpg,Backwards_Bloom.flac,"Cinematic, Dreamy, Energetic, Gritty, Nostalgic, Tense"
2597,Backwards_Bloom,,,,,,,0.0,,213.0,,,,,,,
2598,Cassette Crush,StudioRich,Stranger Vibes,,Lofi,,,145.0,C,119.479979166,Generated by Trackstar,0.0,,,Cassette_Crush.jpg,Cassette_Crush.flac,"Comforting, Dreamy, Intimate, Playful"
2599,Dreams In Rewind,StudioRich,Stranger Vibes,,Lofi,,,85.08333333333333,G#m,137.47997916600002,Generated by Trackstar,0.0,,,Dreams_In_Rewind.jpg,Dreams_in_Rewind.flac,"Cinematic, Comforting, Dreamy, Intimate"
2600,Echoes Of Nostalgia,StudioRich,Stranger Vibes,,Lofi,,,142.0,G,239.999979166,Generated by Trackstar,0.0,,,Echoes_Of_Nostalgia.jpg,Echoes_of_Nostalgia.flac,"Cinematic, Dreamy, Hopeful, Weightless"
2601,Echoes_of_Time_--A-Side--,,,,,,,0.0,,180.20000000000002,,,,,,,
2602,Echoes of Time (C-Side),StudioRich,Stranger Vibes,,Lofi,Primer,,128.0,C#m,212.999979166,Generated by Trackstar,5.0,,,Echoes_of_Time_--C-Side--.jpg,Echoes_of_Time_--C-Side--.flac,"Cinematic, Dreamy, Energetic, Gritty, Nostalgic"
2603,Echoes_of_Time_--C-Side--,,,,,,,0.0,,213.0,,,,,,,
2604,Flicker at Dusk,StudioRich,Stranger Vibes,,Lofi,Primer,,85.03879586053885,E,144.159979166,Generated by Trackstar,5.0,,,Flicker_at_Dusk.jpg,Flicker_at_Dusk.flac,"Chill, Comforting, Dreamy, Hopeful, Nostalgic"
2605,Flicker_at_Dusk,,,,,,,0.0,,144.16,,,,,,,
2606,Forest Rhythms,StudioRich,Stranger Vibes,,Lofi,,,83.0,G,102.079979166,Generated by Trackstar,0.0,,,Forest_Rhythms.jpg,Forest_Rhythms.flac,"Intimate, Melancholy, Nostalgic, Tense"
2607,Ghost Train to Hawkins,StudioRich,Stranger Vibes,,Lofi,Primer,,142.41666666666666,Am,125.479979166,Generated by Trackstar,5.0,,,Ghost_Train_to_Hawkins.jpg,Ghost_Train_to_Hawkins.flac,"Chill, Cinematic, Dreamy, Gritty, Nostalgic"
2608,Ghost_Train_to_Hawkins,,,,,,,0.0,,125.48,,,,,,,
2609,Half-Light Memory,StudioRich,Stranger Vibes,,Lofi,Primer,,142.0,B,164.519979166,Generated by Trackstar,5.0,,,Half-Light_Memory.jpg,Half-Light_Memory.flac,"Chill, Dreamy, Hopeful, Melancholy, Nostalgic"
2610,Half-Light_Memory,,,,,,,0.0,,164.52,,,,,,,
2611,Last Scene In Shadows,StudioRich,Stranger Vibes,,Lofi,,,79.5,Bm,168.999979166,Generated by Trackstar,0.0,,,Last_Scene_In_Shadows.jpg,Last_Scene_in_Shadows.flac,"Cinematic, Gritty, Haunting, Melancholy, Tense"
2612,Lo-Fi Defiance,StudioRich,Stranger Vibes,,Lofi,Primer,,138.58333333,Bb,138.519979166,Generated by Trackstar,5.0,,,Lo-Fi_Defiance.jpg,Lo-Fi_Defiance.flac,"Chill, Dark, Intimate, Lonely, Melancholy"
2613,Lo-Fi_Defiance,,,,,,,0.0,,138.52,,,,,,,
2614,Lucas’ Loop (C-Side),StudioRich,Stranger Vibes,,Lofi,Legacy,,137.0,E,102.199979166,Generated by Trackstar,5.0,,,Lucas’_Loop_--C-Side--.jpg,Lucas’_Loop_--C-Side--.flac,"Chill, Dark, Dreamy, Lonely, Melancholy"
2615,Lucas’ Loop (D-Side),StudioRich,Stranger Vibes,,Lofi,Legacy,,146.0,D,185.839979166,Generated by Trackstar,5.0,,,Lucas’_Loop_--D-Side--.jpg,Lucas’_Loop_--D-Side--.flac,"Chill, Dreamy, Lonely, Melancholy, Weightless"
2616,Maxine’s Drift (A-Side),StudioRich,Stranger Vibes,,Lofi,Echo,,120.0,Bb,131.959979166,Generated by Trackstar,5.0,,,Maxine’s_Drift_--A-Side--.jpg,Maxine’s_Drift_--A-Side--.flac,"Chill, Dreamy, Gritty, Lonely, Melancholy, Weightless"
2617,Mayfield (C-Minor),StudioRich,Stranger Vibes,,Lofi,,,90.0,Cm,127.31997916600001,Generated by Trackstar,0.0,,,Mayfield_--C-Minor--.jpg,Mayfield_--C-minor--.flac,"Cinematic, Dreamy, Energetic, Hopeful, Weightless"
2618,Mayfield (D-Minor),StudioRich,Stranger Vibes,,Lofi,,,88.0,Dm,239.999979166,Generated by Trackstar,0.0,,,Mayfield_--D-Minor--.jpg,Mayfield_--D-minor--.flac,"Cinematic, Dreamy, Energetic, Hopeful, Weightless"
2619,Midnight Shadows,StudioRich,Stranger Vibes,,Lofi,,,82.0,Ebm,178.47997916600002,Generated by Trackstar,0.0,,,Midnight_Shadows.jpg,Midnight_Shadows.flac,"Gritty, Haunting, Lonely, Melancholy, Tense"
2620,Mind Drip,StudioRich,Stranger Vibes,,Lofi,Primer,,134.0,B,98.39997916600001,Generated by Trackstar,5.0,,,Mind_Drip.jpg,Mind_Drip.flac,"Dreamy, Energetic, Gritty, Playful"
2621,Mind_Drip,,,,,,,0.0,,98.4,,,,,,,
2622,Mood for Leaving,StudioRich,Stranger Vibes,,Lofi,Primer,,95.0,Ab,90.919979166,Generated by Trackstar,5.0,,,Mood_for_Leaving.jpg,Mood_for_Leaving.flac,"Chill, Dreamy, Hopeful, Intimate"
2623,Mood_for_Leaving,,,,,,,0.0,,90.92,,,,,,,
2624,Piano Of Solitude,StudioRich,Stranger Vibes,,Lofi,,,120.0,Am,152.03997916600002,Generated by Trackstar,0.0,,,Piano_Of_Solitude.jpg,Piano_of_Solitude.flac,"Haunting, Lonely, Melancholy, Tense, Weightless"
2625,Quiet Frequencies,StudioRich,Stranger Vibes,,Lofi,Primer,,87.58333333333333,Dm,138.47997916600002,Generated by Trackstar,5.0,,,Quiet_Frequencies.jpg,Quiet_Frequencies.flac,"Chill, Comforting, Dreamy, Hopeful, Intimate"
2626,Red Sky Break,StudioRich,Stranger Vibes,,Lofi,Flight,,77.41666666666666,Db,125.11997916600001,Generated by Trackstar,5.0,,,Red_Sky_Break.jpg,Red_Sky_Break.flac,"Chill, Comforting, Dreamy, Gritty, Melancholy"
2627,Red Sky Break (A-Side),StudioRich,Stranger Vibes,,Lofi,Flight,,154.0,F#,127.23997916600001,Generated by Trackstar,5.0,,,Red_Sky_Break_--A-Side--.jpg,Red_Sky_Break_--A-Side--.flac,"Gritty, Hopeful, Intimate"
2628,Remote Ghost (A-Side),StudioRich,Stranger Vibes,,Lofi,Withdrawal,,140.0,Bbm,138.799979166,Generated by Trackstar,5.0,,,Remote_Ghost_--A-Side--.jpg,Remote_Ghost_--A-Side--.flac,"Chill, Dreamy, Haunting, Intimate, Lonely, Melancholy"
2629,Retro Pulse,StudioRich,Stranger Vibes,,Lofi,,,90.0,D,201.839979166,Generated by Trackstar,0.0,,,Retro_Pulse.jpg,Retro_Pulse.flac,"Cinematic, Dreamy, Intimate, Nostalgic, Weightless"
2630,Revival Of The Flame,StudioRich,Stranger Vibes,,Lofi,,,128.08333333333331,F#m,213.999979166,Generated by Trackstar,0.0,,,Revival_Of_The_Flame.jpg,Revival_of_the_Flame.flac,"Dreamy, Energetic, Gritty, Playful"
2631,Run Loop,StudioRich,Stranger Vibes,,Lofi,Flight,,91.0,Cm,106.11997916600001,Generated by Trackstar,5.0,,,Run_Loop.jpg,Run_Loop.flac,"Chill, Gritty, Intimate"
2632,Sidewalk Sunrise,StudioRich,Stranger Vibes,,Lofi,Primer,,84.0,C,144.279979166,Generated by Trackstar,5.0,,,Sidewalk_Sunrise.jpg,Sidewalk_Sunrise.flac,"Chill, Comforting, Dreamy, Energetic, Hopeful"
2633,Skatepark Ruins (A-Side),StudioRich,Stranger Vibes,,Lofi,Weight,,117.75,Bbm,114.23997916600001,Generated by Trackstar,5.0,,,Skatepark_Ruins_--A-Side--.jpg,Skatepark_Ruins--A-Side--.flac,"Dreamy, Gritty, Haunting, Lonely"
2634,Skatepark Ruins,StudioRich,Stranger Vibes,,Lofi,Weight,,120.0,Am,149.959979166,Generated by Trackstar,5.0,,,Skatepark_Ruins.jpg,Skatepark_Ruins.flac,"Cinematic, Gritty, Weightless"
2635,Sleepwalking Home,StudioRich,Stranger Vibes,,Lofi,Primer,,150.0,Bm,182.439979166,Generated by Trackstar,5.0,,,Sleepwalking_Home.jpg,Sleepwalking_Home.flac,"Chill, Dreamy, Gritty, Intimate, Lonely"
2636,Soft Entry,StudioRich,Stranger Vibes,,Lofi,,,101.0,A,100.199979166,Generated by Trackstar,0.0,,,Soft_Entry.jpg,Soft_Entry.flac,"Lonely, Melancholy, Tense, Weightless"
2637,Soft_Entry,,,,,,,0.0,,100.2,,,,,,,
2638,Soft Return,StudioRich,Stranger Vibes,,Lofi,Primer,,89.75,Eb,153.799979166,Generated by Trackstar,5.0,,,Soft_Return.jpg,Soft_Return.flac,"Chill, Dreamy, Hopeful, Nostalgic"
2639,Soft_Return,,,,,,,0.0,,153.8,,,,,,,
2640,Solitude's Reflection,StudioRich,Stranger Vibes,,Lofi,,,64.0,A,107.03997916600001,Generated by Trackstar,0.0,,,Solitude's_Reflection.jpg,Solitude's_Reflection.flac,"Dreamy, Hopeful, Weightless"
2641,Static Memory,StudioRich,Stranger Vibes,,Lofi,Echo,,145.83333333333331,B,113.39997916600001,Generated by Trackstar,5.0,,,Static_Memory.jpg,Static_Memory.flac,"Dreamy, Hopeful, Melancholy"
2642,Static Sleepwalker,StudioRich,Stranger Vibes,,Lofi,Primer,,162.25,C,122.719979166,Generated by Trackstar,5.0,,,Static_Sleepwalker.jpg,Static_Sleepwalker.flac,"Chill, Dreamy, Gritty, Melancholy, Nostalgic"
2643,Static_Sleepwalker,,,,,,,0.0,,122.72000000000001,,,,,,,
2644,Submerged Notes,StudioRich,Stranger Vibes,,Lofi,,,120.0,C,129.959979166,Generated by Trackstar,0.0,,,Submerged_Notes.jpg,Submerged_Notes.flac,"Cinematic, Dreamy, Hopeful, Tense, Weightless"
2645,Submerged_Notes,,,,,,,0.0,,129.96,,,,,,,
2646,Turnaround Fade,StudioRich,Stranger Vibes,,Lofi,Break,,82.0,Db,156.03997916600002,Generated by Trackstar,5.0,,,Turnaround_Fade.jpg,Turnaround_Fade.flac,"Dreamy, Hopeful, Lonely, Melancholy, Nostalgic"
2647,Turnaround Fade (A-Side),StudioRich,Stranger Vibes,,Lofi,Break,,134.08333333333331,F#,141.279979166,Generated by Trackstar,5.0,,,Turnaround_Fade_--A-Side--.jpg,Turnaround_Fade_--A-Side--.flac,"Cinematic, Dark, Intimate, Melancholy, Nostalgic"
2648,Weightless in the Rain,StudioRich,Stranger Vibes,,Lofi,Primer,,87.08333333333333,D,133.679979166,Generated by Trackstar,5.0,,,Weightless_in_the_Rain.jpg,Weightless_in_the_Rain.flac,"Chill, Comforting, Dreamy, Hopeful, Intimate, Weightless"
2649,Window Fade,StudioRich,Stranger Vibes,,Lofi,Withdrawal,,85.0352,Bb,103.999979166,Generated by Trackstar,5.0,,,Window_Fade.jpg,Window_Fade.flac,"Dark, Gritty, Haunting, Lonely, Melancholy"
2650,boot_track,,,,,,,0.0,Cm,1.0,,,,,,,
2651,Stranger Vibes (Just Us),,,,,,,93.0,G,169.959979166,,,,,,,
2652,ElevenLabs_Text_to_Speech_audio,,,,,,,119.0,Db,21.133061224000002,,,,,,,
2653,May 19 Announcement,,,,,,,96.66666666666666,Fm,229.719979166,,,,,,,
2654,Arcade_jump,,,,,,,0.0,Cm,1.0,,,,,,,
2655,My Man Godfrey (1936) 561.4.1,,,,,,,135.0,Ebm,9.5,,,,,,,
2656,39,Night of the Living Dead,,,,,,120.0,Ebm,8.742312925,,,,,,,
2657,Night of the Living Dead 3wav,,,,,,,164.0,Em,12.782721088,,,,,,,
2658,StaticStackKicksOnCobbles-,,,,,,,86.0,G,31.10526077,,,,,,,
2659,telephone ring,,,,,,,0.0,Bb,2.101405895,,,,,,,
2660,sloppycut-train-ride,,,,,,,132.0,Bb,1399.9380952380002,,,,,,,
2661,160 & Holding (Side-01),,,,,,,138.0,F#,125.199979166,,,,,,,
2662,160 & Holding (Side-01),,,,,,,138.0,F#,125.199979166,,,,,,,
2663,160 & Holding,,,,,,,120.0,Eb,183.31997916600002,,,,,,,
2664,160 & Holding,,,,,,,120.0,Eb,183.31997916600002,,,,,,,
2665,A New Dawn,StudioRich,Stranger Vibes,,Lofi,,,84.0,A,192.16000000000003,Generated by Trackstar,0.0,,,A_New_Dawn.jpg,A_New_Dawn.flac,"Chill, Comforting, Dreamy, Hopeful, Intimate"
2666,Above_The_Loop,,,,,,,120.0,Dm,106.639979166,,,,,,,
2667,Above_The_Loop,,,,,,,120.0,Dm,106.639979166,,,,,,,
2668,Above_The_Loop_(Side_01),,,,,,,87.0,G#m,92.359979166,,,,,,,
2669,Above_The_Loop_(Side_01),,,,,,,87.0,G#m,92.359979166,,,,,,,
2670,Abyssal Mix,StudioRich,Stranger Vibes,,Lofi,,,100.76,D,3477.4170000000004,Generated by Trackstar,0.0,,,Abyssal_Mix.jpg,Abyssal_Mix.flac,
2671,Aftertouch (C-Side) (Side-1),,,,,,,94.0,Cm,122.559979166,,,,,,,
2672,Aftertouch (C-Side),,,,,,,140.0,Eb,123.39997916600001,,,,,,,
2673,Air Between Us (Side-01),,,,,,,89.0,G,150.879979166,,,,,,,
2674,Air Between Us (Side-01),,,,,,,89.0,G,150.879979166,,,,,,,
2675,Air Between Us,,,,,,,131.83333333333331,G,178.879979166,,,,,,,
2676,Air Between Us,,,,,,,131.83333333333331,G,178.879979166,,,,,,,
2677,Alone_In_Transit,,,,,,,86.0,Ebm,227.35997916600002,,,,,,,
2678,Alone_In_Transit_(Side_1),,,,,,,175.0,C,263.999979166,,,,,,,
2679,Ambient Rewind (Blue Mix) (Side-1),,,,,,,0.0,,148.8,,,,,,,
2680,Ambient Rewind (Blue Mix),,,,,,,0.0,,102.04,,,,,,,
2681,Aurora Decay,,,,,,,0.0,,240.00000000000003,,,,,,,
2682,Backwards Bloom,StudioRich,Stranger Vibes,,Lofi,Primer,,128.25,C#m,213.0,Generated by Trackstar,5.0,,,Backwards_Bloom.jpg,Backwards_Bloom.flac,"Cinematic, Dreamy, Energetic, Gritty, Nostalgic, Tense"
2683,Before_The_First_Word,,,,,,,0.0,,201.96,,,,,,,
2684,Before_The_First_Word_(Side_1),,,,,,,0.0,,145.68,,,,,,,
2685,Blank Polaroid (Side-1),,,,,,,0.0,,304.88,,,,,,,
2686,Blank Polaroid,,,,,,,0.0,,65.96000000000001,,,,,,,
2687,Blue Hoodie (A-Side),StudioRich,Stranger Vibes,,Lofi,Withdrawal,,71.75,D♭,153.88,Generated by Trackstar,5.0,,,Blue_Hoodie_--A-Side--.jpg,Blue_Hoodie_--A-Side--.flac,"Chill, Dreamy, Haunting, Intimate"
2688,Blue Hoodie,StudioRich,Stranger Vibes,,Lofi,Withdrawal,,79.25,B♭,122.44000000000001,Generated by Trackstar,5.0,,,Blue_Hoodie.jpg,Blue_Hoodie.flac,"Dark, Gritty, Haunting, Lonely, Melancholy"
2689,Blur Escape (A-Side),StudioRich,Stranger Vibes,,Lofi,Flight,,120.0,A♭,143.92000000000002,Generated by Trackstar,5.0,,,Blur_Escape_--A-Side--.jpg,Blur_Escape_--A-Side--.flac,"Dark, Gritty, Haunting, Playful, Tense"
2690,Blur Escape,StudioRich,Stranger Vibes,,Lofi,Flight,,92.0447,B♭,160.0,Generated by Trackstar,5.0,,,Blur_Escape.jpg,Blur_Escape.flac,"Dark, Dreamy, Gritty, Intimate, Lonely"
2691,Blurred Signal (Side-01),,,,,,,0.0,,137.56,,,,,,,
2692,Blurred Signal (Side-01),,,,,,,0.0,,137.56,,,,,,,
2693,Blurred Signal,,,,,,,0.0,,138.60000000000002,,,,,,,
2694,Blurred Signal,,,,,,,0.0,,138.60000000000002,,,,,,,
2695,boot_track,,,,,,,0.0,Cm,1.0,,,,,,,
2696,Breath_Delay_Ii,,,,,,,0.0,,163.96,,,,,,,
2697,Breath_Delay_Ii,,,,,,,0.0,,163.96,,,,,,,
2698,Breath_Delay_Ii_(Side_01),,,,,,,0.0,,155.96,,,,,,,
2699,Breath_Delay_Ii_(Side_01),,,,,,,0.0,,155.96,,,,,,,
2700,Brotherhood Beat  (A-Side),StudioRich,Stranger Vibes,,Lofi,Legacy,,93.0,D♭,123.80000000000001,Generated by Trackstar,5.0,,,Brotherhood_Beat_--A-Side--.jpg,Brotherhood_Beat_--A-Side--.flac,"Chill, Dreamy, Intimate, Lonely"
2701,Brotherhood Beat  (B-Side),StudioRich,Stranger Vibes,,Lofi,Legacy,,86.0,D♭,102.08000000000001,Generated by Trackstar,5.0,,,Brotherhood_Beat_--B-Side--.jpg,Brotherhood_Beat_--B-Side--.flac,"Chill, Comforting, Dreamy, Hopeful, Lonely"
2702,Brotherhood Beat (C-Side),StudioRich,Stranger Vibes,,Lofi,Legacy,,81.0,B,136.96,Generated by Trackstar,5.0,,,Brotherhood_Beat_--C-Side--.jpg,Brotherhood_Beat_--C-Side--.flac,"Cinematic, Dreamy, Intimate, Lonely"
2703,Brotherhood Beat (D-Side),StudioRich,Stranger Vibes,,Lofi,Legacy,,84.0,D,138.96,Generated by Trackstar,5.0,,,Brotherhood_Beat_--D-Side--.jpg,Brotherhood_Beat_--D-Side--.flac,"Cinematic, Comforting, Dreamy, Intimate, Melancholy"
2704,California Sunspot (A-Side),StudioRich,Stranger Vibes,,Lofi,Echo,,94.0,B♭,147.48000000000002,Generated by Trackstar,5.0,,,California_Sunspot_--A-Side--.jpg,California_Sunspot_--A-Side--.flac,"Cinematic, Dreamy, Gritty, Hopeful, Melancholy, Tense"
2705,California Sunspot,StudioRich,Stranger Vibes,,Lofi,Echo,,138.0,E♭,112.999979166,Generated by Trackstar,5.0,,,California_Sunspot.jpg,California_Sunspot.flac,"Chill, Cinematic, Dark, Dreamy, Gritty, Hopeful, Intimate"
2706,Cassette Crush,StudioRich,Stranger Vibes,,Lofi,,,145.0,C,119.48,Generated by Trackstar,0.0,,,Cassette_Crush.jpg,Cassette_Crush.flac,"Comforting, Dreamy, Intimate, Playful"
2707,Cassette Gravity (A-Side),StudioRich,Stranger Vibes,,Lofi,Weight,,156.083,B,147.68,Generated by Trackstar,5.0,,,Cassette_Gravity_--A-Side--.jpg,Cassette_Gravity_--A-Side--.flac,"Agrressive, Chill, Melancholy, Tense"
2708,Cassette Gravity,StudioRich,Stranger Vibes,,Lofi,Weight,,118.167,D♯m/E♭m,146.12,Generated by Trackstar,5.0,,,Cassette_Gravity.jpg,Cassette_Gravity.flac,"Cinematic, Dark, Haunting, Tense"
2709,Celestial Drift,,,,,,,0.0,,191.96,,,,,,,
2710,Cherry Sparkles,StudioRich,Stranger Vibes,,Lofi,,,80.0,C,120.00000000000001,Generated by Trackstar,0.0,,,Cherry_Sparkles.jpg,Cherry_Sparkles.flac,"Cinematic, Dreamy, Weightless"
2711,Chrono Horizon,,,,,,,0.0,,240.00000000000003,,,,,,,
2712,Circuit Grove,,,,,,,0.0,,240.00000000000003,,,,,,,
2713,Cloud Rust (Side-01),,,,,,,0.0,,186.04000000000002,,,,,,,
2714,Cloud Rust (Side-01),,,,,,,0.0,,186.04000000000002,,,,,,,
2715,Cloud Rust,,,,,,,0.0,,107.48,,,,,,,
2716,Cloud Rust,,,,,,,0.0,,107.48,,,,,,,
2717,Cloudtype_Ii,,,,,,,0.0,,126.56,,,,,,,
2718,Cloudtype_Ii,,,,,,,0.0,,126.56,,,,,,,
2719,Cloudtype II (Side-01),,,,,,,0.0,,184.88000000000002,,,,,,,
2720,Cloudtype II (Side-01),,,,,,,0.0,,0.0,,,,,,,
2721,Continuum Sky,,,,,,,0.0,,240.00000000000003,,,,,,,
2722,Crush Memory Rush (Side-1),,,,,,,0.0,,277.40000000000003,,,,,,,
2723,Crush Memory Rush,,,,,,,0.0,,314.96000000000004,,,,,,,
2724,Crush.Exe,,,,,,,0.0,,247.72000000000003,,,,,,,
2725,Crush.Exe_(Side_1),,,,,,,0.0,,214.92000000000002,,,,,,,
2726,Cryloop.Exe,,,,,,,0.0,,163.68,,,,,,,
2727,Cryloop.Exe,,,,,,,0.0,,163.68,,,,,,,
2728,Cryloop.Exe_(Side_01),,,,,,,0.0,,168.28,,,,,,,
2729,Cryloop.Exe_(Side_01),,,,,,,0.0,,168.28,,,,,,,
2730,Dream Sprint (Side-1),,,,,,,0.0,,223.44000000000003,,,,,,,
2731,Dream Sprint,,,,,,,0.0,,269.96000000000004,,,,,,,
2732,Dreams In Rewind,StudioRich,Stranger Vibes,,Lofi,,,85.0833,G#m,137.48000000000002,Generated by Trackstar,0.0,,,Dreams_In_Rewind.jpg,Dreams_in_Rewind.flac,"Cinematic, Comforting, Dreamy, Intimate"
2733,Drift Return (Side-1),,,,,,,0.0,,215.0,,,,,,,
2734,Drift Return,,,,,,,0.0,,189.92000000000002,,,,,,,
2735,Drift Tempo (Side-01),,,,,,,0.0,,173.60000000000002,,,,,,,
2736,Drift Tempo (Side-01),,,,,,,0.0,,173.60000000000002,,,,,,,
2737,Drift Tempo,,,,,,,0.0,,133.16,,,,,,,
2738,Drift Tempo,,,,,,,0.0,,133.16,,,,,,,
2739,Driveway Fadeout (A-Side),StudioRich,Stranger Vibes,,Lofi,Echo,,82.75,B♭,92.92,Generated by Trackstar,5.0,,,Driveway_Fadeout_--A-Side--.jpg,Driveway_Fadeout_--A-Side--.flac,"Agrressive, Cinematic, Dark, Energetic, Gritty"
2740,Driveway Fadeout,StudioRich,Stranger Vibes,,Lofi,Echo,,71.8333,D♭,97.44000000000001,Generated by Trackstar,5.0,,,Driveway_Fadeout.jpg,Driveway_Fadeout.flac,"Dreamy, Intimate, Nostalgic"
2741,Dusk Resonance,,,,,,,132.6089141280356,D,239.999979166,,,,,,,
2742,Echo Apartments (Side-1),,,,,,,0.0,,235.12,,,,,,,
2743,Echo Apartments,,,,,,,0.0,,125.88000000000001,,,,,,,
2744,Echo Float (Side-01),,,,,,,0.0,,161.92000000000002,,,,,,,
2745,Echo Float (Side-01),,,,,,,0.0,,161.92000000000002,,,,,,,
2746,Echo Float,,,,,,,0.0,,183.88000000000002,,,,,,,
2747,Echo Float,,,,,,,0.0,,183.88000000000002,,,,,,,
2748,Echoes Of Nostalgia,StudioRich,Stranger Vibes,,Lofi,,,142.0,G,240.00000000000003,Generated by Trackstar,0.0,,,Echoes_Of_Nostalgia.jpg,Echoes_of_Nostalgia.flac,"Cinematic, Dreamy, Hopeful, Weightless"
2749,Echoes of Time (A-Side),StudioRich,Stranger Vibes,,Lofi,Primer,,128.083,C,180.20000000000002,Generated by Trackstar,5.0,,,Echoes_of_Time_--A-Side--.jpg,Echoes_of_Time_--A-Side--.flac,"Chill, Cinematic, Gritty, Lonely, Tense"
2750,Echoes of Time (C-Side),StudioRich,Stranger Vibes,,Lofi,Primer,,128.0,C#m,213.0,Generated by Trackstar,5.0,,,Echoes_of_Time_--C-Side--.jpg,Echoes_of_Time_--C-Side--.flac,"Cinematic, Dreamy, Energetic, Gritty, Nostalgic"
2751,Edge_Of_Remembering,,,,,,,0.0,,154.8,,,,,,,
2752,Edge_Of_Remembering_(Side_1),,,,,,,0.0,,159.96,,,,,,,
2753,Ember Channel (Side-01),,,,,,,0.0,,107.96000000000001,,,,,,,
2754,Ember Channel (Side-01),,,,,,,0.0,,107.96000000000001,,,,,,,
2755,Ember Channel,,,,,,,0.0,,127.96000000000001,,,,,,,
2756,Ember Channel,,,,,,,0.0,,0.0,,,,,,,
2757,Empty Hall Echo (A-Side),StudioRich,Stranger Vibes,,Lofi,Echo,,112.667,G♯m,98.80000000000001,Generated by Trackstar,5.0,,,Empty_Hall_Echo_--A-Side--.jpg,Empty_Hall_Echo_--A-Side--.flac,"Cinematic, Intimate, Melancholy, Nostalgic, Tense"
2758,Empty Hall Echo,StudioRich,Stranger Vibes,,Lofi,Echo,,84.4167,F♯/G♭,106.04,Generated by Trackstar,5.0,,,Empty_Hall_Echo.jpg,Empty_Hall_Echo.flac,"Cinematic, Dreamy, Energetic, Hopeful, Nostalgic"
2759,Ending_Before_The_Start,,,,,,,0.0,,172.44,,,,,,,
2760,Ending_Before_The_Start_(Side_1),,,,,,,0.0,,195.48000000000002,,,,,,,
2761,Etheric Bloom,,,,,,,0.0,,240.00000000000003,,,,,,,
2762,Everything At Once,,,,,,,0.0,,234.88000000000002,,,,,,,
2763,Everything_At_Once_Side_1_,,,,,,,0.0,,192.36,,,,,,,
2764,Fade Out Glow (A-Side),StudioRich,Stranger Vibes,,Lofi,Legacy,,85.0,D♭,110.08000000000001,Generated by Trackstar,5.0,,,Fade_Out_Glow_--A-Side--.jpg,Fade_Out_Glow_--A-Side--.flac,"Chill, Comforting, Dreamy, Intimate, Nostalgic"
2765,Fade Out Glow (B-Side),StudioRich,Stranger Vibes,,Lofi,Legacy,,81.0,Bm,119.36000000000001,Generated by Trackstar,5.0,,,Fade_Out_Glow_--B-Side--.jpg,Fade_Out_Glow_--B-Side--.flac,"Chill, Gritty, Melancholy, Tense"
2766,Fade Out Glow (C-Side),StudioRich,Stranger Vibes,,Lofi,Legacy,,80.0,Db,150.0,Generated by Trackstar,5.0,,,Fade_Out_Glow_--C-Side--.jpg,Fade_Out_Glow_--C-Side--.flac,"Chill, Dreamy, Intimate, Nostalgic, Weightless"
2767,Fade Out Glow (D-Side),StudioRich,Stranger Vibes,,Lofi,Legacy,,81.0,Db,145.88,Generated by Trackstar,5.0,,,Fade_Out_Glow_--D-Side--.jpg,Fade_Out_Glow_--D-Side--.flac,"Chill, Gritty, Intimate, Nostalgic"
2768,Faint Return (Side-01),,,,,,,0.0,,226.12,,,,,,,
2769,Faint Return (Side-01),,,,,,,0.0,,226.12,,,,,,,
2770,Faint Return,,,,,,,0.0,,141.72,,,,,,,
2771,Faint Return,,,,,,,0.0,,141.72,,,,,,,
2772,Fast Crush,,,,,,,0.0,,197.96,,,,,,,
2773,Fast Crush,,,,,,,0.0,,0.0,,,,,,,
2774,Fast Crush (Side-01),,,,,,,0.0,,146.28,,,,,,,
2775,Fast Crush (Side-01),,,,,,,0.0,,996.724,,,,,,,
2776,Faster Than Goodbye (Side-1),,,,,,,0.0,,177.52,,,,,,,
2777,Faster Than Goodbye,,,,,,,0.0,,258.48,,,,,,,
2778,Feather Circuit (Side-01),,,,,,,0.0,,144.28,,,,,,,
2779,Feather Circuit (Side-01),,,,,,,0.0,,144.28,,,,,,,
2780,Feather Circuit,,,,,,,85.0,Ebm,207.719979166,,,,,,,
2781,Feather Circuit,,,,,,,0.0,,207.72,,,,,,,
2782,Final Loop Memory (Side-1),,,,,,,0.0,,212.92000000000002,,,,,,,
2783,Final Loop Memory,,,,,,,0.0,,154.92000000000002,,,,,,,
2784,Flicker at Dusk,StudioRich,Stranger Vibes,,Lofi,Primer,,85.0388,E,144.16,Generated by Trackstar,5.0,,,Flicker_at_Dusk.jpg,Flicker_at_Dusk.flac,"Chill, Comforting, Dreamy, Hopeful, Nostalgic"
2785,Flicker_Of_Her_Voice,,,,,,,0.0,,189.8,,,,,,,
2786,Flicker_Of_Her_Voice_Side_1_,,,,,,,0.0,,214.96,,,,,,,
2787,Float Collapse (A-Side),StudioRich,Stranger Vibes,,Lofi,Break,,84.0,G♯m,114.28,Generated by Trackstar,5.0,,,Float_Collapse_--A-Side--.jpg,Float_Collapse_--A-Side--.flac,"Chill, Dreamy, Gritty, Melancholy, Tense"
2788,Float Collapse,StudioRich,Stranger Vibes,,Lofi,Break,,83.0,Dm,113.76,Generated by Trackstar,5.0,,,Float_Collapse.jpg,Float_Collapse.flac,"Chill, Comforting, Dreamy, Haunting, Nostalgic"
2789,Float Trigger (Side-01),,,,,,,0.0,,155.28,,,,,,,
2790,Float Trigger (Side-01),,,,,,,0.0,,155.28,,,,,,,
2791,Float Trigger,,,,,,,0.0,,137.96,,,,,,,
2792,Float Trigger,,,,,,,0.0,,137.96,,,,,,,
2793,Floating Through Her Street (Side-1),,,,,,,0.0,,181.96,,,,,,,
2794,Floating Through Her Street,,,,,,,0.0,,116.00000000000001,,,,,,,
2795,Flora Static,,,,,,,0.0,,240.00000000000003,,,,,,,
2796,Forest Rhythms,StudioRich,Stranger Vibes,,Lofi,,,83.0,G,102.08000000000001,Generated by Trackstar,0.0,,,Forest_Rhythms.jpg,Forest_Rhythms.flac,"Intimate, Melancholy, Nostalgic, Tense"
2797,Fourth Period Fog (A-Side),StudioRich,Stranger Vibes,,Lofi,Weight,,124.167,F♯/G♭,145.84,Generated by Trackstar,5.0,,,Fourth_Period_Fog_--A-Side--.jpg,Fourth_Period_Fog_--A-Side--.flac,"Chill, Dreamy, Hopeful, Melancholy, Weightless"
2798,Fourth Period Fog,StudioRich,Stranger Vibes,,Lofi,Weight,,94.0,D♭,102.08000000000001,Generated by Trackstar,5.0,,,Fourth_Period_Fog.jpg,Fourth_Period_Fog.flac,"Chill, Dreamy, Intimate, Nostalgic"
2799,Fracture Point Break (A-Side),StudioRich,Stranger Vibes,,Lofi,Break,,152.0,F♯/G♭,129.44,Generated by Trackstar,5.0,,,Fracture_Point_Break_--A-Side--.jpg,Fracture_Point_Break_--A-Side--.flac,"Cinematic, Dreamy, Gritty, Tense"
2800,Fracture Point Break (B-Side),StudioRich,Stranger Vibes,,Lofi,Break,,80.0,B♭,149.92000000000002,Generated by Trackstar,5.0,,,Fracture_Point_Break_--B-Side--.jpg,Fracture_Point_Break_--B-Side--.flac,"Chill, Comforting, Dreamy, Hopeful, Intimate, Lonely"
2801,Fracture Point Break (C-Side),StudioRich,Stranger Vibes,,Lofi,Break,,74.4167,D,131.08,Generated by Trackstar,5.0,,,Fracture_Point_Break_--C-Side--.jpg,Fracture_Point_Break_--C-Side--.flac,"Intimate, Melancholy, Nostalgic"
2802,Fracture Point Break (D-Side),StudioRich,Stranger Vibes,,Lofi,Break,,88.0,Fm,174.88000000000002,Generated by Trackstar,5.0,,,Fracture_Point_Break_--D-Side--.jpg,Fracture_Point_Break_--D-Side--.flac,"Dreamy, Gritty, Intimate, Melancholy, Nostalgic"
2803,Fracture Point Break (E-Side),StudioRich,Stranger Vibes,,Lofi,Break,,151.971,E♭,148.08,Generated by Trackstar,5.0,,,Fracture_Point_Break_--E-Side--.jpg,Fracture_Point_Break_--E-Side--.flac,"Dreamy, Melancholy, Nostalgic, Weightless"
2804,Fracture Point Break (F-Side),StudioRich,Stranger Vibes,,Lofi,Break,,75.5,E♭,142.72,Generated by Trackstar,5.0,,,Fracture_Point_Break_--F-Side--.jpg,Fracture_Point_Break_--F-Side--.flac,"Chill, Dreamy, Gritty, Lonely, Melancholy"
2805,Ghost Loop (Side-1),,,,,,,0.0,,342.92,,,,,,,
2806,Ghost Loop,,,,,,,0.0,,281.16,,,,,,,
2807,Ghost Train to Hawkins,StudioRich,Stranger Vibes,,Lofi,Primer,,142.417,Am,125.48,Generated by Trackstar,5.0,,,Ghost_Train_to_Hawkins.jpg,Ghost_Train_to_Hawkins.flac,"Chill, Cinematic, Dreamy, Gritty, Nostalgic"
2808,Ghosted Messages (Side-1),,,,,,,0.0,,116.92,,,,,,,
2809,Ghosted Messages,,,,,,,0.0,,122.92,,,,,,,
2810,Glass Drift (Side-01),,,,,,,0.0,,214.36,,,,,,,
2811,Glass Drift (Side-01),,,,,,,0.0,,214.36,,,,,,,
2812,Glass Drift,,,,,,,0.0,,151.4,,,,,,,
2813,Glass Drift,,,,,,,0.0,,151.4,,,,,,,
2814,Glass Transit (Side-01),,,,,,,0.0,,170.56,,,,,,,
2815,Glass Transit (Side-01),,,,,,,0.0,,170.56,,,,,,,
2816,Glass Transit,,,,,,,0.0,,134.48000000000002,,,,,,,
2817,Glass Transit,,,,,,,0.0,,134.48000000000002,,,,,,,
2818,Glide Memory (Side-01),,,,,,,0.0,,167.44,,,,,,,
2819,Glide Memory (Side-01),,,,,,,0.0,,167.44,,,,,,,
2820,Glide Memory,,,,,,,0.0,,134.8,,,,,,,
2821,Glide Memory,,,,,,,0.0,,0.009000000000000001,,,,,,,
2822,Glitchlove (Elevator Break) (Side-1),,,,,,,0.0,,271.24,,,,,,,
2823,Glitchlove (Elevator Break),,,,,,,0.0,,267.28000000000003,,,,,,,
2824,Glitchlove Again (Side-1),,,,,,,0.0,,169.24,,,,,,,
2825,Glitchlove Again,,,,,,,0.0,,194.96,,,,,,,
2826,Gravity Chord,,,,,,,0.0,,240.00000000000003,,,,,,,
2827,Half-Light Memory,StudioRich,Stranger Vibes,,Lofi,Primer,,142.0,B,164.52,Generated by Trackstar,5.0,,,Half-Light_Memory.jpg,Half-Light_Memory.flac,"Chill, Dreamy, Hopeful, Melancholy, Nostalgic"
2828,Halo Fade,,,,,,,0.0,,179.88000000000002,,,,,,,
2829,Halo Fade,,,,,,,0.0,,179.88000000000002,,,,,,,
2830,Halo Fade (Side-01),,,,,,,0.0,,180.8,,,,,,,
2831,Halo Fade (Side-01),,,,,,,0.0,,0.036000000000000004,,,,,,,
2832,Headphones In (A-Side),StudioRich,Stranger Vibes,,Lofi,Break,,118.0,D,162.76000000000002,Generated by Trackstar,5.0,,,Headphones_In_--A-Side--.jpg,Headphones_In_--A-Side--.flac,"Chill, Dreamy, Gritty, Weightless"
2833,Headphones In,StudioRich,Stranger Vibes,,Lofi,Break,,80.1667,B♭,139.84,Generated by Trackstar,5.0,,,Headphones_In.jpg,Headphones_In.flac,"Chill, Gritty, Haunting, Hopeful, Tense"
2834,Heartbeat Mosaic (Side-01),,,,,,,0.0,,117.36000000000001,,,,,,,
2835,Heartbeat Mosaic (Side-01),,,,,,,0.0,,117.36000000000001,,,,,,,
2836,Heartcode (Failing) (Side-1),,,,,,,0.0,,89.48,,,,,,,
2837,Heartcode (Failing),,,,,,,0.0,,148.56,,,,,,,
2838,Hold The Shape (Side-1),,,,,,,0.0,,73.08,,,,,,,
2839,Hold The Shape,,,,,,,0.0,,239.84,,,,,,,
2840,Hollow Frequency (Side-01),,,,,,,0.0,,170.24,,,,,,,
2841,Hollow Frequency (Side-01),,,,,,,0.0,,170.24,,,,,,,
2842,Hollow Frequency,,,,,,,0.0,,160.0,,,,,,,
2843,Hollow Frequency,,,,,,,0.0,,160.0,,,,,,,
2844,Horizon Echo,,,,,,,0.0,,240.00000000000003,,,,,,,
2845,Infinite Vistas,,,,,,,0.0,,240.00000000000003,,,,,,,
2846,Last Scene In Shadows,StudioRich,Stranger Vibes,,Lofi,,,79.5,Bm,169.0,Generated by Trackstar,0.0,,,Last_Scene_In_Shadows.jpg,Last_Scene_in_Shadows.flac,"Cinematic, Gritty, Haunting, Melancholy, Tense"
2847,Letters Left (A-Side),StudioRich,Stranger Vibes,,Lofi,Echo,,80.0,Db,174.88000000000002,Generated by Trackstar,5.0,,,Letters_Left_--A-Side--.jpg,Letters_Left_--A-Side--.flac,"Dreamy, Haunting, Melancholy, Playful, Weightless"
2848,Letters Left,StudioRich,Stranger Vibes,,Lofi,Echo,,164.0,Db,144.96,Generated by Trackstar,5.0,,,Letters_Left.jpg,Letters_Left.flac,"Cinematic, Dreamy, Melancholy, Nostalgic, Playful"
2849,Light Rewind (A-Side),StudioRich,Stranger Vibes,,Lofi,Legacy,,99.0,F,188.679979166,Generated by Trackstar,5.0,,,Light_Rewind_--A-Side--.jpg,Light_Rewind_--A-Side--.flac,"Dreamy, Energetic, Melancholy, Nostalgic, Playful"
2850,Light Rewind (B-Side),StudioRich,Stranger Vibes,,Lofi,Legacy,,100.0,B♭,95.96000000000001,Generated by Trackstar,5.0,,,Light_Rewind_--B-Side--.jpg,Light_Rewind_--B-Side--.flac,"Cinematic, Dark, Energetic"
2851,Light Rewind (C-Side),StudioRich,Stranger Vibes,,Lofi,Legacy,,80.1104,G,109.0,Generated by Trackstar,5.0,,,Light_Rewind_--C-Side--.jpg,Light_Rewind_--C-Side--.flac,"Chill, Cinematic, Gritty, Intimate, Lonely"
2852,Light Rewind (D-Side),StudioRich,Stranger Vibes,,Lofi,Legacy,,84.0,Fm,148.96,Generated by Trackstar,5.0,,,Light_Rewind_--D-Side--.jpg,Light_Rewind_--D-Side--.flac,"Chill, Dreamy, Gritty, Melancholy, Nostalgic"
2853,Light_From_A_Distance,,,,,,,0.0,,157.20000000000002,,,,,,,
2854,Light_From_A_Distance_(Side_1),,,,,,,0.0,,183.44,,,,,,,
2855,Lo Pulse (Side-01),,,,,,,0.0,,129.92000000000002,,,,,,,
2856,Lo Pulse (Side-01),,,,,,,0.0,,129.92000000000002,,,,,,,
2857,Lo Pulse,,,,,,,0.0,,143.96,,,,,,,
2858,Lo Pulse,,,,,,,0.0,,143.96,,,,,,,
2859,Lo-Fi Defiance,StudioRich,Stranger Vibes,,Lofi,Primer,,138.583,Bb,138.52,Generated by Trackstar,5.0,,,Lo-Fi_Defiance.jpg,Lo-Fi_Defiance.flac,"Chill, Dark, Intimate, Lonely, Melancholy"
2860,Loop Without Closure (Side-1),,,,,,,0.0,,134.68,,,,,,,
2861,Loop Without Closure,,,,,,,0.0,,220.0,,,,,,,
2862,Love Error 1997 (Side-1),,,,,,,0.0,,253.12,,,,,,,
2863,Love Error 1997,,,,,,,0.0,,218.52,,,,,,,
2864,Lucas’ Loop (A-Side),StudioRich,Stranger Vibes,,Lofi,Legacy,,76.5833,B,137.92000000000002,Generated by Trackstar,5.0,,,Lucas’_Loop_--A-Side--.jpg,Lucas’_Loop_--A-Side--.flac,"Chill, Comforting, Dreamy, Gritty, Tense, Weightless"
2865,Lucas’ Loop (B-Side),StudioRich,Stranger Vibes,,Lofi,Legacy,,79.1667,Cm,146.96,Generated by Trackstar,5.0,,,Lucas’_Loop_--B-Side--.jpg,Lucas’_Loop_--B-Side--.flac,"Chill, Comforting, Dreamy, Gritty, Weightless"
2866,Lucas’ Loop (C-Side),StudioRich,Stranger Vibes,,Lofi,Legacy,,137.0,E,102.2,Generated by Trackstar,5.0,,,Lucas’_Loop_--C-Side--.jpg,Lucas’_Loop_--C-Side--.flac,"Chill, Dark, Dreamy, Lonely, Melancholy"
2867,Lucas’ Loop (D-Side),StudioRich,Stranger Vibes,,Lofi,Legacy,,146.0,D,185.84,Generated by Trackstar,5.0,,,Lucas’_Loop_--D-Side--.jpg,Lucas’_Loop_--D-Side--.flac,"Chill, Dreamy, Lonely, Melancholy, Weightless"
2868,Luminous Fade,,,,,,,0.0,,240.00000000000003,,,,,,,
2869,Maxine’s Drift,StudioRich,Stranger Vibes,,Lofi,Echo,,87.8873,Cm,141.96,Generated by Trackstar,5.0,,,Maxine’s_Drift.jpg,Maxine’s_Drift.flac,"Chill, Comforting, Dreamy, Gritty, Nostalgic"
2870,Maxine’s Drift (A-Side),StudioRich,Stranger Vibes,,Lofi,Echo,,120.0,Bb,131.96,Generated by Trackstar,5.0,,,Maxine’s_Drift_--A-Side--.jpg,Maxine’s_Drift_--A-Side--.flac,"Chill, Dreamy, Gritty, Lonely, Melancholy, Weightless"
2871,Mayfield (C-Minor),StudioRich,Stranger Vibes,,Lofi,,,90.0,Cm,127.32000000000001,Generated by Trackstar,0.0,,,Mayfield_--C-Minor--.jpg,Mayfield_--C-minor--.flac,"Cinematic, Dreamy, Energetic, Hopeful, Weightless"
2872,Mayfield (D-Minor),StudioRich,Stranger Vibes,,Lofi,,,88.0,Dm,240.00000000000003,Generated by Trackstar,0.0,,,Mayfield_--D-Minor--.jpg,Mayfield_--D-minor--.flac,"Cinematic, Dreamy, Energetic, Hopeful, Weightless"
2873,Memory Drip (Side-01),,,,,,,0.0,,229.96,,,,,,,
2874,Memory Drip (Side-01),,,,,,,0.0,,229.96,,,,,,,
2875,Memory Lag (Side-1),,,,,,,0.0,,434.64000000000004,,,,,,,
2876,Memory Lag,,,,,,,0.0,,298.20000000000005,,,,,,,
2877,Memory Loadscreen (Side-1),,,,,,,0.0,,188.72,,,,,,,
2878,Memory Loadscreen,,,,,,,0.0,,181.04000000000002,,,,,,,
2879,Memory Drip,,,,,,,0.0,,227.84,,,,,,,
2880,Memory Drip,,,,,,,0.0,,0.036000000000000004,,,,,,,
2881,Midnight Bridge Run (Side-1),,,,,,,0.0,,420.0,,,,,,,
2882,Midnight Court (B-Side),StudioRich,Stranger Vibes,Lucas,Lofi,,,90.0,E♭,158.48000000000002,Generated by Trackstar,0.0,,,Midnight_Court_--B-Side--.jpg,Midnight_Court_--B-Side--.flac,"Chill, Comforting, Dreamy, Hopeful, Intimate"
2883,Midnight Court,StudioRich,Stranger Vibes,Lucas,Lofi,,,88.7029,Cm,159.88000000000002,Generated by Trackstar,0.0,,,Midnight_Court.jpg,Midnight_Court.flac,"Chill, Comforting, Dreamy, Hopeful, Intimate"
2884,Midnight Shadows,StudioRich,Stranger Vibes,,Lofi,,,82.0,Ebm,178.48000000000002,Generated by Trackstar,0.0,,,Midnight_Shadows.jpg,Midnight_Shadows.flac,"Gritty, Haunting, Lonely, Melancholy, Tense"
2885,Midnight_Bridge_Run,,,,,,,0.0,,249.12,,,,,,,
2886,Mind Drip,StudioRich,Stranger Vibes,,Lofi,Primer,,134.0,B,98.4,Generated by Trackstar,5.0,,,Mind_Drip.jpg,Mind_Drip.flac,"Dreamy, Energetic, Gritty, Playful"
2887,Mineral Static,,,,,,,0.0,,185.04000000000002,,,,,,,
2888,Mirage Cascade,,,,,,,0.0,,240.00000000000003,,,,,,,
2889,Mirror Fade (Side-1),,,,,,,0.0,,238.60000000000002,,,,,,,
2890,Mirror Fade,,,,,,,130.0,G,264.879979166,,,,,,,
2891,Mirror Shard (A-Side),StudioRich,Stranger Vibes,,Lofi,Flight,,86.2926,A♭,133.56,Generated by Trackstar,5.0,,,Mirror_Shard_--A-Side--.jpg,Mirror_Shard_--A-Side--.flac,"Cinematic, Dreamy, Intimate, Nostalgic"
2892,Mirror Shard,StudioRich,Stranger Vibes,,Lofi,Flight,,85.5,C♯m,148.48000000000002,Generated by Trackstar,5.0,,,Mirror_Shard.jpg,Mirror_Shard.flac,"Chill, Dreamy, Gritty, Nostalgic"
2893,Misty_Signal_Ii,,,,,,,0.0,,243.48000000000002,,,,,,,
2894,Misty_Signal_Ii,,,,,,,129.98467012109603,A,243.47997916600002,,,,,,,
2895,Misty_Signal_Ii_(Side_01),,,,,,,0.0,,174.52,,,,,,,
2896,Misty_Signal_Ii_(Side_01),,,,,,,0.0,,174.52,,,,,,,
2897,Mood for Leaving,StudioRich,Stranger Vibes,,Lofi,Primer,,95.0,Ab,90.92,Generated by Trackstar,5.0,,,Mood_for_Leaving.jpg,Mood_for_Leaving.flac,"Chill, Dreamy, Hopeful, Intimate"
2898,Morning Broadcast (Drift Edit),,,,,,,0.0,,209.92000000000002,,,,,,,
2899,Mute Reflex,,,,,,,0.0,,294.96000000000004,,,,,,,
2900,Mute Reflex,,,,,,,0.0,,294.96000000000004,,,,,,,
2901,Mute Reflex (Side-01),,,,,,,0.0,,270.32,,,,,,,
2902,Mute Reflex (Side-01),,,,,,,0.0,,0.314,,,,,,,
2903,Muted Sunrise (A-Side),StudioRich,Stranger Vibes,,Lofi,Withdrawal,,120.0,F♯/G♭,159.96,Generated by Trackstar,5.0,,,Muted_Sunrise_--A-Side--.jpg,Muted_Sunrise_--A-Side--.flac,"Cinematic, Dreamy, Weightless"
2904,Muted Sunrise,StudioRich,Stranger Vibes,,Lofi,Withdrawal,,110.0,E♭,138.16,Generated by Trackstar,5.0,,,Muted_Sunrise.jpg,Muted_Sunrise.flac,"Chill, Dark, Lonely, Melancholy"
2905,Near Her Window (Side-1),,,,,,,0.0,,189.48000000000002,,,,,,,
2906,Near Her Window,,,,,,,0.0,,218.4,,,,,,,
2907,Nebula Coil,,,,,,,0.0,,240.00000000000003,,,,,,,
2908,Neon Crush,StudioRich,Stranger Vibes,,Lofi,,,90.0,C,216.20000000000002,Generated by Trackstar,0.0,,,Neon_Crush.jpg,Neon_Crush.flac,"Chill, Dreamy, Intimate, Nostalgic, Weightless"
2909,Neon With Teeth (Side-01),,,,,,,0.0,,128.20000000000002,,,,,,,
2910,Neon With Teeth (Side-01),,,,,,,0.0,,128.20000000000002,,,,,,,
2911,Neon With Teeth,,,,,,,0.0,,134.0,,,,,,,
2912,Neon With Teeth,,,,,,,0.0,,134.0,,,,,,,
2913,No Exit Dream (Side-1),,,,,,,0.0,,174.76000000000002,,,,,,,
2914,No Exit Dream,,,,,,,0.0,,255.20000000000002,,,,,,,
2915,No Signal (A-Side),StudioRich,Stranger Vibes,,Lofi,Weight,,88.0,B♭,119.92,Generated by Trackstar,5.0,,,No_Signal_--A-Side--.jpg,No_Signal_--A-Side--.flac,"Chill, Dark, Gritty, Tense"
2916,No Signal,StudioRich,Stranger Vibes,,Lofi,Weight,,160.0,C,198.04000000000002,Generated by Trackstar,5.0,,,No_Signal.jpg,No_Signal.flac,"Chill, Dreamy, Energetic, Intimate, Tense, Weightless"
2917,Nothing Has Changed (Looped) (Side-1),,,,,,,0.0,,203.4,,,,,,,
2918,Nothing Has Changed (Looped),,,,,,,0.0,,261.96000000000004,,,,,,,
2919,Nothing_To_Grab_Onto,,,,,,,0.0,,164.4,,,,,,,
2920,Nothing_To_Grab_Onto_(Side_1),,,,,,,0.0,,223.4,,,,,,,
2921,Nowhere Shortcut (A-Side),StudioRich,Stranger Vibes,,Lofi,Flight,,105.54,Cm,138.68,Generated by Trackstar,5.0,,,Nowhere_Shortcut_--A-Side--.jpg,Nowhere_Shortcut_--A-Side--.flac,"Agrressive, Energetic, Gritty, Playful"
2922,Nowhere Shortcut,StudioRich,Stranger Vibes,,Lofi,Flight,,101.417,E♭,114.92,Generated by Trackstar,5.0,,,Nowhere_Shortcut.jpg,Nowhere_Shortcut.flac,"Agrressive, Energetic, Gritty, Playful, Tense"
2923,Orbital Lull,,,,,,,0.0,,160.04000000000002,,,,,,,
2924,Petal Fade (Side-01),,,,,,,0.0,,155.08,,,,,,,
2925,Petal Fade (Side-01),,,,,,,0.0,,155.08,,,,,,,
2926,Petal Fade,,,,,,,0.0,,229.00000000000003,,,,,,,
2927,Petal Fade,,,,,,,0.0,,0.023000000000000003,,,,,,,
2928,Phantom Crush (Side-01),,,,,,,0.0,,141.12,,,,,,,
2929,Phantom Crush (Side-01),,,,,,,0.0,,141.12,,,,,,,
2930,Phantom Crush (Side-02),,,,,,,0.0,,160.76000000000002,,,,,,,
2931,Phantom Crush (Side-02),,,,,,,0.0,,160.76000000000002,,,,,,,
2932,Phantom Crush (Side-04),,,,,,,0.0,,111.64,,,,,,,
2933,Phantom Crush (Side-04),,,,,,,0.0,,111.64,,,,,,,
2934,Phantom Tapestry,,,,,,,0.0,,240.00000000000003,,,,,,,
2935,Phantom Crush (Side-03),,,,,,,0.0,,95.96000000000001,,,,,,,
2936,Phantom Crush (Side-03),,,,,,,0.0,,0.0,,,,,,,
2937,Piano Of Solitude,StudioRich,Stranger Vibes,,Lofi,,,120.0,Am,152.04000000000002,Generated by Trackstar,0.0,,,Piano_Of_Solitude.jpg,Piano_of_Solitude.flac,"Haunting, Lonely, Melancholy, Tense, Weightless"
2938,Prism Atmosphere,,,,,,,0.0,,240.00000000000003,,,,,,,
2939,Prove It (B-Side),StudioRich,Stranger Vibes,Lucas,Lofi,,,79.4167,D♭,114.80000000000001,Generated by Trackstar,0.0,,,Prove_It_--B-Side--.jpg,Prove_It_--B-Side--.flac,"Chill, Comforting, Dreamy, Hopeful, Intimate"
2940,Prove It,StudioRich,Stranger Vibes,Lucas,Lofi,,,88.0,F♯/G♭,156.8,Generated by Trackstar,0.0,,,Prove_It.jpg,Prove_It.flac,"Chill, Comforting, Hopeful, Intimate"
2941,Pulse & Petals (Side-01),,,,,,,0.0,,107.64,,,,,,,
2942,Pulse & Petals (Side-01),,,,,,,0.0,,107.64,,,,,,,
2943,Pulse & Petals,,,,,,,0.0,,164.60000000000002,,,,,,,
2944,Pulse & Petals,,,,,,,0.0,,164.60000000000002,,,,,,,
2945,Pulse_In_The_Haze_(Side_01),,,,,,,0.0,,159.92000000000002,,,,,,,
2946,Pulse_In_The_Haze_(Side_01),,,,,,,0.0,,159.92000000000002,,,,,,,
2947,Pulse_In_The_Haze_(Side_02),,,,,,,0.0,,134.92000000000002,,,,,,,
2948,Pulse_In_The_Haze_(Side_02),,,,,,,0.0,,134.92000000000002,,,,,,,
2949,Pulse_In_The_Haze_(Side_03),,,,,,,0.0,,192.24,,,,,,,
2950,Pulse_In_The_Haze_(Side_03),,,,,,,0.0,,192.24,,,,,,,
2951,Pulse_In_The_Haze_(Side_04),,,,,,,0.0,,139.72,,,,,,,
2952,Pulse_In_The_Haze_(Side_04),,,,,,,0.0,,139.72,,,,,,,
2953,Quiet Frequencies,StudioRich,Stranger Vibes,,Lofi,Primer,,87.5833,Dm,138.48000000000002,Generated by Trackstar,5.0,,,Quiet_Frequencies.jpg,Quiet_Frequencies.flac,"Chill, Comforting, Dreamy, Hopeful, Intimate"
2954,Quiet Geometry (Side-01),,,,,,,0.0,,134.84,,,,,,,
2955,Quiet Geometry (Side-01),,,,,,,0.0,,134.84,,,,,,,
2956,Quiet Geometry,,,,,,,0.0,,137.04000000000002,,,,,,,
2957,Quiet Geometry,,,,,,,86.80796545576007,D,137.039979166,,,,,,,
2958,Radiant Brake (Side-01),,,,,,,0.0,,142.60000000000002,,,,,,,
2959,Radiant Brake (Side-01),,,,,,,0.0,,142.60000000000002,,,,,,,
2960,Radiant Flux,,,,,,,0.0,,240.00000000000003,,,,,,,
2961,Radiant Brake,,,,,,,0.0,,158.60000000000002,,,,,,,
2962,Radiant Brake,,,,,,,0.0,,0.201,,,,,,,
2963,Raincurve (Side-01) (1),,,,,,,0.0,,183.20000000000002,,,,,,,
2964,Raincurve (Side-01) (1),,,,,,,0.0,,183.20000000000002,,,,,,,
2965,Raincurve (Side-01),,,,,,,0.0,,183.20000000000002,,,,,,,
2966,Raincurve (Side-01),,,,,,,0.0,,183.20000000000002,,,,,,,
2967,Raincurve,,,,,,,0.0,,112.28,,,,,,,
2968,Raincurve,,,,,,,0.0,,231.26500000000001,,,,,,,
2969,Red Sky Break (A-Side),StudioRich,Stranger Vibes,,Lofi,Flight,,154.0,F#,127.24000000000001,Generated by Trackstar,5.0,,,Red_Sky_Break_--A-Side--.jpg,Red_Sky_Break_--A-Side--.flac,"Gritty, Hopeful, Intimate"
2970,Red Sky Break,StudioRich,Stranger Vibes,,Lofi,Flight,,77.4167,Db,125.12,Generated by Trackstar,5.0,,,Red_Sky_Break.jpg,Red_Sky_Break.flac,"Chill, Comforting, Dreamy, Gritty, Melancholy"
2971,Remembering Her Voice (Intro) (Side-1),,,,,,,0.0,,198.0,,,,,,,
2972,Remembering Her Voice (Intro),,,,,,,0.0,,150.8,,,,,,,
2973,Remote Ghost (A-Side),StudioRich,Stranger Vibes,,Lofi,Withdrawal,,140.0,Bbm,138.8,Generated by Trackstar,5.0,,,Remote_Ghost_--A-Side--.jpg,Remote_Ghost_--A-Side--.flac,"Chill, Dreamy, Haunting, Intimate, Lonely, Melancholy"
2974,Remote Ghost,StudioRich,Stranger Vibes,,Lofi,Withdrawal,,80.0,Ab,95.96000000000001,Generated by Trackstar,5.0,,,Remote_Ghost.jpg,Remote_Ghost.flac,"Dark, Dreamy, Lonely, Melancholy"
2975,Replay Her Name (Side-1),,,,,,,0.0,,187.08,,,,,,,
2976,Replay Her Name,,,,,,,0.0,,221.8,,,,,,,
2977,Retro Pulse,StudioRich,Stranger Vibes,,Lofi,,,90.0,D,201.84,Generated by Trackstar,0.0,,,Retro_Pulse.jpg,Retro_Pulse.flac,"Cinematic, Dreamy, Intimate, Nostalgic, Weightless"
2978,Revival Of The Flame,StudioRich,Stranger Vibes,,Lofi,,,128.083,F#m,214.0,Generated by Trackstar,0.0,,,Revival_Of_The_Flame.jpg,Revival_of_the_Flame.flac,"Dreamy, Energetic, Gritty, Playful"
2979,Roll Call (A-Side),StudioRich,Stranger Vibes,,Lofi,Legacy,,85.0833,D♭,128.92000000000002,Generated by Trackstar,5.0,,,Roll_Call_--A-Side--.jpg,Roll_Call_--A-Side--.flac,"Chill, Dreamy, Gritty, Intimate"
2980,Roll Call (B-Side),StudioRich,Stranger Vibes,,Lofi,Legacy,,82.1667,E♭,123.28,Generated by Trackstar,5.0,,,Roll_Call_--B-Side--.jpg,Roll_Call_--B-Side--.flac,"Chill, Dreamy, Gritty, Intimate, Playful"
2981,Roll Call (C-Side),StudioRich,Stranger Vibes,,Lofi,Legacy,,77.0,D♯m/E♭m,87.24000000000001,Generated by Trackstar,5.0,,,Roll_Call_--C-Side--.jpg,Roll_Call_--C-Side--.flac,"Cinematic, Dark, Intimate, Lonely, Nostalgic"
2982,Roll Call (D-Side),StudioRich,Stranger Vibes,,Lofi,Legacy,,85.0,D♯m/E♭m,107.95997916600001,Generated by Trackstar,5.0,,,Roll_Call_--D-Side--.jpg,Roll_Call_--D-Side--.flac,"Cinematic, Gritty, Intimate, Lonely, Melancholy, Nostalgic"
2983,Run Loop (A-Side),StudioRich,Stranger Vibes,,Lofi,Flight,,84.3333,Ebm,121.08000000000001,Generated by Trackstar,5.0,,,Run_Loop_--A-Side--.jpg,Run_Loop_--A-Side--.flac,"Chill, Comforting, Dark, Gritty, Tense"
2984,Run Loop (Reprise) (Side-1),,,,,,,0.0,,239.44000000000003,,,,,,,
2985,Run Loop (Reprise),,,,,,,0.0,,171.84,,,,,,,
2986,Run Loop,StudioRich,Stranger Vibes,,Lofi,Flight,,91.0,Cm,106.12,Generated by Trackstar,5.0,,,Run_Loop.jpg,Run_Loop.flac,"Chill, Gritty, Intimate"
2987,"Same Apartment, Different Light (Side-1)",,,,,,,0.0,,189.72,,,,,,,
2988,Scout’s Promise,StudioRich,Stranger Vibes,Lucas,Lofi,,,88.0,B,156.68,Generated by Trackstar,0.0,,,Scout's_Promise.jpg,Scout’s_Promise.flac,"Chill, Comforting, Dreamy, Gritty, Nostalgic"
2989,Scout’s Promise (B-Side),StudioRich,Stranger Vibes,Lucas,Lofi,,,145.0,A♭,130.36,Generated by Trackstar,0.0,,,Scout’s_Promise_--B-Side--.jpg,Scout’s_Promise_--B-Side--.flac,"Chill, Comforting, Dreamy, Gritty, Nostalgic"
2990,Sidewalk Sunrise,StudioRich,Stranger Vibes,,Lofi,Primer,,84.0,C,144.28,Generated by Trackstar,5.0,,,Sidewalk_Sunrise.jpg,Sidewalk_Sunrise.flac,"Chill, Comforting, Dreamy, Energetic, Hopeful"
2991,Sideways Rain (Side-1),,,,,,,0.0,,190.68,,,,,,,
2992,Sideways Rain,,,,,,,0.0,,193.60000000000002,,,,,,,
2993,Signal Collision,,,,,,,0.0,,278.92,,,,,,,
2994,Signal Trace (Side-1),,,,,,,0.0,,95.96000000000001,,,,,,,
2995,Signal Trace,,,,,,,0.0,,108.88000000000001,,,,,,,
2996,Signal_Collision_Side_1_,,,,,,,0.0,,479.96000000000004,,,,,,,
2997,Signalblush (Side-01),,,,,,,0.0,,159.68,,,,,,,
2998,Signalblush (Side-01),,,,,,,0.0,,159.68,,,,,,,
2999,Signalblush,,,,,,,0.0,,162.4,,,,,,,
3000,Signalblush,,,,,,,0.0,,1115.161,,,,,,,
3001,Silent Altitude,,,,,,,0.0,,134.96,,,,,,,
3002,Silent Altitude,,,,,,,0.0,,134.96,,,,,,,
3003,Silent Altitude (Side-01),,,,,,,0.0,,78.36,,,,,,,
3004,Silent Altitude (Side-01),,,,,,,0.0,,0.0,,,,,,,
3005,Skatepark Ruins (A-Side),StudioRich,Stranger Vibes,,Lofi,Weight,,117.75,Bbm,114.24000000000001,Generated by Trackstar,5.0,,,Skatepark_Ruins_--A-Side--.jpg,Skatepark_Ruins--A-Side--.flac,"Dreamy, Gritty, Haunting, Lonely"
3006,Skatepark Ruins,StudioRich,Stranger Vibes,,Lofi,Weight,,120.0,Am,149.96,Generated by Trackstar,5.0,,,Skatepark_Ruins.jpg,Skatepark_Ruins.flac,"Cinematic, Gritty, Weightless"
3007,Skip Sequence (Side-01),,,,,,,0.0,,181.92000000000002,,,,,,,
3008,Skip Sequence (Side-01),,,,,,,0.0,,181.92000000000002,,,,,,,
3009,Skip Sequence,,,,,,,0.0,,139.92000000000002,,,,,,,
3010,Skip Sequence,,,,,,,0.0,,139.92000000000002,,,,,,,
3011,Skylight Bloom (Side-01),,,,,,,0.0,,143.96,,,,,,,
3012,Skylight Bloom (Side-01),,,,,,,0.0,,143.96,,,,,,,
3013,Skylight Bloom,,,,,,,0.0,,140.68,,,,,,,
3014,Skylight Bloom,,,,,,,88.83333333333333,Bb,140.679979166,,,,,,,
3015,Skyline Haze,,,,,,,0.0,,169.08,,,,,,,
3016,Skylines & Softbeats (Side-01),,,,,,,0.0,,198.72,,,,,,,
3017,Skylines & Softbeats (Side-01),,,,,,,0.0,,198.72,,,,,,,
3018,Skylines & Softbeats,,,,,,,127.47258850143206,G#m,448.999979166,,,,,,,
3019,Skylines & Softbeats,,,,,,,0.0,,449.0,,,,,,,
3020,Sleepwalking Home,StudioRich,Stranger Vibes,,Lofi,Primer,,150.0,Bm,182.44,Generated by Trackstar,5.0,,,Sleepwalking_Home.jpg,Sleepwalking_Home.flac,"Chill, Dreamy, Gritty, Intimate, Lonely"
3021,Snowstatic (Side-01),,,,,,,0.0,,164.56,,,,,,,
3022,Snowstatic (Side-01),,,,,,,0.0,,164.56,,,,,,,
3023,Snowstatic,,,,,,,0.0,,167.88000000000002,,,,,,,
3024,Snowstatic,,,,,,,0.0,,167.88000000000002,,,,,,,
3025,Sodium Flicker (Side-1),,,,,,,0.0,,166.12,,,,,,,
3026,Sodium Flicker,,,,,,,0.0,,222.84,,,,,,,
3027,Soft Dawn Tape (Side-1),,,,,,,0.0,,414.96000000000004,,,,,,,
3028,Soft Dawn Tape,,,,,,,0.0,,327.0,,,,,,,
3029,Soft Disconnect (Side-1),,,,,,,0.0,,220.96,,,,,,,
3030,Soft Disconnect,,,,,,,0.0,,364.64000000000004,,,,,,,
3031,Soft Entry,StudioRich,Stranger Vibes,,Lofi,,,101.0,A,100.2,Generated by Trackstar,0.0,,,Soft_Entry.jpg,Soft_Entry.flac,"Lonely, Melancholy, Tense, Weightless"
3032,Soft Return,StudioRich,Stranger Vibes,,Lofi,Primer,,89.75,Eb,153.8,Generated by Trackstar,5.0,,,Soft_Return.jpg,Soft_Return.flac,"Chill, Dreamy, Hopeful, Nostalgic"
3033,Softcore Velocity,,,,,,,0.0,,124.84,,,,,,,
3034,Softcore Velocity,,,,,,,0.0,,124.84,,,,,,,
3035,Softcore Velocity (Side-01),,,,,,,0.0,,142.64000000000001,,,,,,,
3036,Softcore Velocity (Side-01),,,,,,,0.0,,0.018000000000000002,,,,,,,
3037,Solar Flare Daydream,,,,,,,0.0,,240.00000000000003,,,,,,,
3038,Solitude's Reflection,StudioRich,Stranger Vibes,,Lofi,,,64.0,A,107.04,Generated by Trackstar,0.0,,,Solitude's_Reflection.jpg,Solitude's_Reflection.flac,"Dreamy, Hopeful, Weightless"
3039,Solo Stand (B-Side),StudioRich,Stranger Vibes,Lucas,Lofi,,,81.0,D,127.04,Generated by Trackstar,0.0,,,Solo_Stand_--B-Side--.jpg,Solo_Stand_--B-Side--.flac,"Chill, Comforting, Hopeful, Intimate"
3040,Solo Stand,StudioRich,Stranger Vibes,Lucas,Lofi,,,85.0,Dm,204.92000000000002,Generated by Trackstar,0.0,,,Solo_Stand.jpg,Solo_Stand.flac,"Chill, Hopeful, Intimate"
3041,Soul Trace (Side-01),,,,,,,0.0,,144.72,,,,,,,
3042,Soul Trace (Side-01),,,,,,,0.0,,144.72,,,,,,,
3043,Soul Trace,,,,,,,0.0,,173.4,,,,,,,
3044,Soul Trace,,,,,,,0.0,,173.4,,,,,,,
3045,Spectral Pulse,,,,,,,0.0,,240.00000000000003,,,,,,,
3046,Starlight Murmur,,,,,,,0.0,,240.00000000000003,,,,,,,
3047,Static Memory (A-Side),StudioRich,Stranger Vibes,,Lofi,Echo,,80.0,D,149.84,Generated by Trackstar,5.0,,,Static_Memory_--A-Side--.jpg,Static_Memory_--A-Side--.flac,"Hopeful, Lonely, Melancholy"
3048,Static Memory,StudioRich,Stranger Vibes,,Lofi,Echo,,145.833,B,113.4,Generated by Trackstar,5.0,,,Static_Memory.jpg,Static_Memory.flac,"Dreamy, Hopeful, Melancholy"
3049,Static Panorama,,,,,,,0.0,,240.00000000000003,,,,,,,
3050,Static Sleepwalker,StudioRich,Stranger Vibes,,Lofi,Primer,,162.25,C,122.72000000000001,Generated by Trackstar,5.0,,,Static_Sleepwalker.jpg,Static_Sleepwalker.flac,"Chill, Dreamy, Gritty, Melancholy, Nostalgic"
3051,Still Between Beats (Side-01),,,,,,,0.0,,177.48000000000002,,,,,,,
3052,Still Between Beats (Side-01),,,,,,,0.0,,177.48000000000002,,,,,,,
3053,Still Between Beats,,,,,,,0.0,,159.20000000000002,,,,,,,
3054,Still Between Beats,,,,,,,0.0,,0.20900000000000002,,,,,,,
3055,Submerged Notes,StudioRich,Stranger Vibes,,Lofi,,,120.0,C,129.96,Generated by Trackstar,0.0,,,Submerged_Notes.jpg,Submerged_Notes.flac,"Cinematic, Dreamy, Hopeful, Tense, Weightless"
3056,Sweatshirt Blur (Side-1),,,,,,,0.0,,107.28,,,,,,,
3057,Sweatshirt Blur,,,,,,,0.0,,173.56,,,,,,,
3058,Tape From The Other Side (Studiorich Edit),StudioRich,Stranger Vibes,,Lofi,,,152.0,B,87.52000000000001,Generated by Trackstar,0.0,,,Tape_From_The_Other_Side_--Studiorich_Edit--.jpg,Tape_from_the_Other_Side_--StudioRich_Edit--.flac,"Cinematic, Dreamy, Haunting, Hopeful, Intimate, Melancholy"
3059,Tape from the Other Side,StudioRich,Stranger Vibes,,Lofi,Primer,,76.0,B,87.52000000000001,Generated by Trackstar,5.0,,,Tape_from_the_Other_Side.jpg,Tape_from_the_Other_Side.flac,"Cinematic, Dreamy, Haunting, Hopeful, Intimate, Melancholy"
3060,The_Way_The_Air_Moves,,,,,,,0.0,,134.64000000000001,,,,,,,
3061,The_Way_The_Air_Moves,,,,,,,0.0,,134.64000000000001,,,,,,,
3062,The_Way_The_Air_Moves_(Side_01),,,,,,,0.0,,175.08,,,,,,,
3063,The_Way_The_Air_Moves_(Side_01),,,,,,,0.0,,175.08,,,,,,,
3064,Touch Echo (Side-01),,,,,,,0.0,,110.64,,,,,,,
3065,Touch Echo (Side-01),,,,,,,0.0,,110.64,,,,,,,
3066,Touch Echo,,,,,,,0.0,,268.76,,,,,,,
3067,Touch Echo,,,,,,,0.0,,268.76,,,,,,,
3068,Transmission  Unknown Vol.1,StudioRich,Stranger Vibes,,Lofi,,,108.167,Dm,4885.119000000001,Generated by Trackstar,0.0,,,Transmission__Unknown_Vol._1.jpg,Transmission__Unknown_Vol.1.flac,
3069,Turnaround Fade (A-Side),StudioRich,Stranger Vibes,,Lofi,Break,,134.083,F#,141.28,Generated by Trackstar,5.0,,,Turnaround_Fade_--A-Side--.jpg,Turnaround_Fade_--A-Side--.flac,"Cinematic, Dark, Intimate, Melancholy, Nostalgic"
3070,Turnaround Fade,StudioRich,Stranger Vibes,,Lofi,Break,,82.0,Db,156.04000000000002,Generated by Trackstar,5.0,,,Turnaround_Fade.jpg,Turnaround_Fade.flac,"Dreamy, Hopeful, Lonely, Melancholy, Nostalgic"
3071,Twilight Vibration (Side-01),,,,,,,0.0,,144.36,,,,,,,
3072,Twilight Vibration (Side-01),,,,,,,0.0,,144.36,,,,,,,
3073,Twilight Vibration,,,,,,,0.0,,130.72,,,,,,,
3074,Twilight Vibration,,,,,,,0.0,,130.72,,,,,,,
3075,Vapor Trace,,,,,,,0.0,,240.00000000000003,,,,,,,
3076,Vaporphase,,,,,,,0.0,,120.00000000000001,,,,,,,
3077,Vaporphase,,,,,,,0.0,,120.00000000000001,,,,,,,
3078,Vaporphase (Side-01),,,,,,,0.0,,149.32000000000002,,,,,,,
3079,Vaporphase (Side-01),,,,,,,0.0,,0.026000000000000002,,,,,,,
3080,Voice Inside Static (Side-1),,,,,,,0.0,,242.84,,,,,,,
3081,Voice Inside Static,,,,,,,0.0,,306.12,,,,,,,
3082,Watching_The_Blur,,,,,,,0.0,,258.84000000000003,,,,,,,
3083,Watching_The_Blur_(Side_1),,,,,,,0.0,,152.68,,,,,,,
3084,Weight of Nothing,,,,,,,0.0,,151.32000000000002,,,,,,,
3085,Weight of Nothing,,,,,,,0.0,,1799.199,,,,,,,
3086,Weight_Of_Nothing_(Side_01),,,,,,,0.0,,202.76000000000002,,,,,,,
3087,Weight_Of_Nothing_(Side_01),,,,,,,0.0,,202.76000000000002,,,,,,,
3088,Weightless Memory Drive,StudioRich,Stranger Vibes,,Lofi,,,76.3684,F♯/G♭,4028.3140000000003,Generated by Trackstar,0.0,,,Weightless_Memory_Drive.jpg,Weightless_Memory_Drive.flac,
3089,Weightless in the Rain,StudioRich,Stranger Vibes,,Lofi,Primer,,87.0833,D,133.68,Generated by Trackstar,5.0,,,Weightless_in_the_Rain.jpg,Weightless_in_the_Rain.flac,"Chill, Comforting, Dreamy, Hopeful, Intimate, Weightless"
3090,Window Crash Sequence (Side-1),,,,,,,0.0,,134.88,,,,,,,
3091,Window Crash Sequence,,,,,,,0.0,,147.76000000000002,,,,,,,
3092,Window Fade (A-Side),StudioRich,Stranger Vibes,,Lofi,Withdrawal,,85.0,C,124.2,Generated by Trackstar,5.0,,,Window_Fade_--A-Side--.jpg,Window_Fade_--A-Side--.flac,"Chill, Cinematic, Dreamy, Haunting, Intimate, Melancholy"
3093,Window Glow (Side-1),,,,,,,0.0,,46.400000000000006,,,,,,,
3094,Window Glow,,,,,,,0.0,,95.96000000000001,,,,,,,
3095,Winning Shot (B-Side),StudioRich,Stranger Vibes,Lucas,Lofi,,,94.0,B♭,153.16,Generated by Trackstar,0.0,,,Winning_Shot_--B-Side--.jpg,Winning_Shot_--B-Side--.flac,"Chill, Comforting, Dreamy, Hopeful, Intimate"
3096,Winning Shot,StudioRich,Stranger Vibes,Lucas,Lofi,,,91.3333,B♭,147.12,Generated by Trackstar,0.0,,,Winning_Shot.jpg,Winning_Shot.flac,"Chill, Comforting, Hopeful, Intimate"
3097,160_&_Holding,,Memory in Motion,,Jungle Soul,,,120.0,Eb,183.31997916600002,,,,,,,
3098,160_&_Holding,,,,,,,0.0,,183.32000000000002,,,,,,,
3099,160 & Holding (Side-01),,,,,,,138.0,F#,125.2,,,,,,,
3100,160_&_Holding_--Side-01--,,,,,,,0.0,,125.2,,,,,,,
3101,Above_The_Loop_(Side_01),,,,,,,87.0,G#m,92.36,,,,,,,
3102,Above_The_Loop_--Side_01--,,,,,,,0.0,,92.36,,,,,,,
3103,Aftertouch (C-Side),,,,,,,140.0,Eb,123.39997916600001,,,,,,,
3104,Aftertouch (C-Side) (Side-1),,,,,,,94.0,Cm,122.559979166,,,,,,,
3105,Air Between Us (Side-01),,,,,,,89.0,G,150.879979166,,,,,,,
3106,Air_Between_Us_--Side-01--,,,,,,,0.0,,150.88,,,,,,,
3107,Alone_In_Transit_(Side_1),,,,,,,175.0,C,264.0,,,,,,,
3108,Ambient_Rewind_--Blue_Mix--,,,,,,,0.0,,102.04,,,,,,,
3109,Ambient_Rewind_--Blue_Mix--_--Side-1--,,,,,,,0.0,,148.8,,,,,,,
3110,Aurora_Decay,,,,,,,0.0,,240.00000000000003,,,,,,,
3111,Before_The_First_Word_--Side_1--,,,,,,,0.0,,145.68,,,,,,,
3112,Blank_Polaroid,,,,,,,0.0,,65.96000000000001,,,,,,,
3113,Blank_Polaroid_--Side-1--,,,,,,,0.0,,304.88,,,,,,,
3114,Blurred_Signal,,,,,,,0.0,,138.60000000000002,,,,,,,
3115,Blurred_Signal,,,,,,,0.0,,138.60000000000002,,,,,,,
3116,Blurred_Signal_--Side-01--,,,,,,,0.0,,137.56,,,,,,,
3117,Blurred_Signal_--Side-01--,,,,,,,0.0,,137.56,,,,,,,
3118,Breath_Delay_Ii_--Side_01--,,,,,,,0.0,,155.96,,,,,,,
3119,Breath_Delay_Ii_--Side_01--,,,,,,,0.0,,155.96,,,,,,,
3120,Brotherhood Beat  (A-Side),StudioRich,Stranger Vibes,,Lofi,Legacy,,93.0,D♭,123.80000000000001,Generated by Trackstar,5.0,,,Brotherhood_Beat_--A-Side--.jpg,Brotherhood_Beat_--A-Side--.flac,"Chill, Dreamy, Intimate, Lonely"
3121,Brotherhood Beat  (B-Side),StudioRich,Stranger Vibes,,Lofi,Legacy,,86.0,D♭,102.08000000000001,Generated by Trackstar,5.0,,,Brotherhood_Beat_--B-Side--.jpg,Brotherhood_Beat_--B-Side--.flac,"Chill, Comforting, Dreamy, Hopeful, Lonely"
3122,Celestial_Drift,,,,,,,0.0,,191.96,,,,,,,
3123,Chrono_Horizon,,,,,,,0.0,,240.00000000000003,,,,,,,
3124,Circuit_Grove,,,,,,,0.0,,240.00000000000003,,,,,,,
3125,Cloud_Rust,,,,,,,0.0,,107.48,,,,,,,
3126,Cloud_Rust,,,,,,,0.0,,107.48,,,,,,,
3127,Cloud_Rust_--Side-01--,,,,,,,0.0,,186.04000000000002,,,,,,,
3128,Cloud_Rust_--Side-01--,,,,,,,0.0,,186.04000000000002,,,,,,,
3129,Continuum_Sky,,,,,,,0.0,,240.00000000000003,,,,,,,
3130,Crush.Exe_--Side_1--,,,,,,,0.0,,214.92000000000002,,,,,,,
3131,Crush_Memory_Rush,,,,,,,0.0,,314.96000000000004,,,,,,,
3132,Crush_Memory_Rush_--Side-1--,,,,,,,0.0,,277.40000000000003,,,,,,,
3133,Cryloop.Exe_--Side_01--,,,,,,,0.0,,168.28,,,,,,,
3134,Cryloop.Exe_--Side_01--,,,,,,,0.0,,168.28,,,,,,,
3135,Dream_Sprint,,,,,,,0.0,,269.96000000000004,,,,,,,
3136,Dream_Sprint_--Side-1--,,,,,,,0.0,,223.44000000000003,,,,,,,
3137,Dreams In Rewind,StudioRich,Stranger Vibes,,Lofi,,,85.0833,G#m,137.48000000000002,Generated by Trackstar,0.0,,,Dreams_In_Rewind.jpg,Dreams_in_Rewind.flac,"Cinematic, Comforting, Dreamy, Intimate"
3138,Drift_Return,,,,,,,0.0,,189.92000000000002,,,,,,,
3139,Drift_Return_--Side-1--,,,,,,,0.0,,215.0,,,,,,,
3140,Drift_Tempo,,,,,,,0.0,,133.16,,,,,,,
3141,Drift_Tempo,,,,,,,0.0,,133.16,,,,,,,
3142,Drift_Tempo_--Side-01--,,,,,,,0.0,,173.60000000000002,,,,,,,
3143,Drift_Tempo_--Side-01--,,,,,,,0.0,,173.60000000000002,,,,,,,
3144,Dusk Resonance,,,,,,,132.609,D,240.00000000000003,,,,,,,
3145,Echo_Apartments,,,,,,,0.0,,125.88000000000001,,,,,,,
3146,Echo_Apartments_--Side-1--,,,,,,,0.0,,235.12,,,,,,,
3147,Echo_Float,,,,,,,0.0,,183.88000000000002,,,,,,,
3148,Echo_Float,,,,,,,0.0,,183.88000000000002,,,,,,,
3149,Echo_Float_--Side-01--,,,,,,,0.0,,161.92000000000002,,,,,,,
3150,Echo_Float_--Side-01--,,,,,,,0.0,,161.92000000000002,,,,,,,
3151,Echoes Of Nostalgia,StudioRich,Stranger Vibes,,Lofi,,,142.0,G,239.999979166,Generated by Trackstar,0.0,,,Echoes_Of_Nostalgia.jpg,Echoes_of_Nostalgia.flac,"Cinematic, Dreamy, Hopeful, Weightless"
3152,Echoes of Time (A-Side),StudioRich,Stranger Vibes,,Lofi,Primer,,128.083,C,180.20000000000002,Generated by Trackstar,5.0,,,Echoes_of_Time_--A-Side--.jpg,Echoes_of_Time_--A-Side--.flac,"Chill, Cinematic, Gritty, Lonely, Tense"
3153,Echoes of Time (C-Side),StudioRich,Stranger Vibes,,Lofi,Primer,,128.0,C#m,213.0,Generated by Trackstar,5.0,,,Echoes_of_Time_--C-Side--.jpg,Echoes_of_Time_--C-Side--.flac,"Cinematic, Dreamy, Energetic, Gritty, Nostalgic"
3154,Edge_Of_Remembering_--Side_1--,,,,,,,0.0,,159.96,,,,,,,
3155,Ember_Channel_--Side-01--,,,,,,,0.0,,107.96000000000001,,,,,,,
3156,Ember_Channel_--Side-01--,,,,,,,0.0,,107.96000000000001,,,,,,,
3157,Ending_Before_The_Start_--Side_1--,,,,,,,0.0,,195.48000000000002,,,,,,,
3158,Etheric_Bloom,,,,,,,0.0,,240.00000000000003,,,,,,,
3159,Everything_At_Once,,,,,,,0.0,,234.88000000000002,,,,,,,
3160,Faint_Return,,,,,,,0.0,,141.72,,,,,,,
3161,Faint_Return,,,,,,,0.0,,141.72,,,,,,,
3162,Faint_Return_--Side-01--,,,,,,,0.0,,226.12,,,,,,,
3163,Faint_Return_--Side-01--,,,,,,,0.0,,226.12,,,,,,,
3164,Faster_Than_Goodbye,,,,,,,0.0,,258.48,,,,,,,
3165,Faster_Than_Goodbye_--Side-1--,,,,,,,0.0,,177.52,,,,,,,
3166,Feather Circuit,,,,,,,85.0,Ebm,207.72,,,,,,,
3167,Feather_Circuit,,,,,,,0.0,,207.72,,,,,,,
3168,Feather_Circuit_--Side-01--,,,,,,,0.0,,144.28,,,,,,,
3169,Feather_Circuit_--Side-01--,,,,,,,0.0,,144.28,,,,,,,
3170,Final_Loop_Memory,,,,,,,0.0,,154.92000000000002,,,,,,,
3171,Final_Loop_Memory_--Side-1--,,,,,,,0.0,,212.92000000000002,,,,,,,
3172,Float_Trigger,,,,,,,0.0,,137.96,,,,,,,
3173,Float_Trigger,,,,,,,0.0,,137.96,,,,,,,
3174,Float_Trigger_--Side-01--,,,,,,,0.0,,155.28,,,,,,,
3175,Float_Trigger_--Side-01--,,,,,,,0.0,,155.28,,,,,,,
3176,Floating_Through_Her_Street,,,,,,,0.0,,116.00000000000001,,,,,,,
3177,Floating_Through_Her_Street_--Side-1--,,,,,,,0.0,,181.96,,,,,,,
3178,Flora_Static,,,,,,,0.0,,240.00000000000003,,,,,,,
3179,Ghost_Loop,,,,,,,0.0,,281.16,,,,,,,
3180,Ghost_Loop_--Side-1--,,,,,,,0.0,,342.92,,,,,,,
3181,Ghosted_Messages,,,,,,,0.0,,122.92,,,,,,,
3182,Ghosted_Messages_--Side-1--,,,,,,,0.0,,116.92,,,,,,,
3183,Glass_Drift,,,,,,,0.0,,151.4,,,,,,,
3184,Glass_Drift,,,,,,,0.0,,151.4,,,,,,,
3185,Glass_Drift_--Side-01--,,,,,,,0.0,,214.36,,,,,,,
3186,Glass_Drift_--Side-01--,,,,,,,0.0,,214.36,,,,,,,
3187,Glass_Transit,,,,,,,0.0,,134.48000000000002,,,,,,,
3188,Glass_Transit,,,,,,,0.0,,134.48000000000002,,,,,,,
3189,Glass_Transit_--Side-01--,,,,,,,0.0,,170.56,,,,,,,
3190,Glass_Transit_--Side-01--,,,,,,,0.0,,170.56,,,,,,,
3191,Glide_Memory_--Side-01--,,,,,,,0.0,,167.44,,,,,,,
3192,Glide_Memory_--Side-01--,,,,,,,0.0,,167.44,,,,,,,
3193,Glitchlove_--Elevator_Break--,,,,,,,0.0,,267.28000000000003,,,,,,,
3194,Glitchlove_--Elevator_Break--_--Side-1--,,,,,,,0.0,,271.24,,,,,,,
3195,Glitchlove_Again,,,,,,,0.0,,194.96,,,,,,,
3196,Glitchlove_Again_--Side-1--,,,,,,,0.0,,169.24,,,,,,,
3197,Gravity_Chord,,,,,,,0.0,,240.00000000000003,,,,,,,
3198,Halo_Fade,,,,,,,0.0,,179.88000000000002,,,,,,,
3199,Halo_Fade,,,,,,,0.0,,179.88000000000002,,,,,,,
3200,Heartbeat_Mosaic_--Side-01--,,,,,,,0.0,,117.36000000000001,,,,,,,
3201,Heartbeat_Mosaic_--Side-01--,,,,,,,0.0,,117.36000000000001,,,,,,,
3202,Heartcode_--Failing--,,,,,,,0.0,,148.56,,,,,,,
3203,Heartcode_--Failing--_--Side-1--,,,,,,,0.0,,89.48,,,,,,,
3204,Hold_The_Shape,,,,,,,0.0,,239.84,,,,,,,
3205,Hold_The_Shape_--Side-1--,,,,,,,0.0,,73.08,,,,,,,
3206,Hollow_Frequency,,,,,,,0.0,,160.0,,,,,,,
3207,Hollow_Frequency,,,,,,,0.0,,160.0,,,,,,,
3208,Hollow_Frequency_--Side-01--,,,,,,,0.0,,170.24,,,,,,,
3209,Hollow_Frequency_--Side-01--,,,,,,,0.0,,170.24,,,,,,,
3210,Horizon_Echo,,,,,,,0.0,,240.00000000000003,,,,,,,
3211,Infinite_Vistas,,,,,,,0.0,,240.00000000000003,,,,,,,
3212,Last Scene In Shadows,StudioRich,Stranger Vibes,,Lofi,,,79.5,Bm,169.0,Generated by Trackstar,0.0,,,Last_Scene_In_Shadows.jpg,Last_Scene_in_Shadows.flac,"Cinematic, Gritty, Haunting, Melancholy, Tense"
3213,Light_From_A_Distance_--Side_1--,,,,,,,0.0,,183.44,,,,,,,
3214,Lo_Pulse,,,,,,,0.0,,143.96,,,,,,,
3215,Lo_Pulse,,,,,,,0.0,,143.96,,,,,,,
3216,Lo_Pulse_--Side-01--,,,,,,,0.0,,129.92000000000002,,,,,,,
3217,Lo_Pulse_--Side-01--,,,,,,,0.0,,129.92000000000002,,,,,,,
3218,Loop_Without_Closure,,,,,,,0.0,,220.0,,,,,,,
3219,Loop_Without_Closure_--Side-1--,,,,,,,0.0,,134.68,,,,,,,
3220,Love_Error_1997,,,,,,,0.0,,218.52,,,,,,,
3221,Love_Error_1997_--Side-1--,,,,,,,0.0,,253.12,,,,,,,
3222,Luminous_Fade,,,,,,,0.0,,240.00000000000003,,,,,,,
3223,Maxine’s Drift (A-Side),StudioRich,Stranger Vibes,,Lofi,Echo,,120.0,Bb,131.96,Generated by Trackstar,5.0,,,Maxine’s_Drift_--A-Side--.jpg,Maxine’s_Drift_--A-Side--.flac,"Chill, Dreamy, Gritty, Lonely, Melancholy, Weightless"
3224,Mayfield (C-Minor),StudioRich,Stranger Vibes,,Lofi,,,90.0,Cm,127.32000000000001,Generated by Trackstar,0.0,,,Mayfield_--C-Minor--.jpg,Mayfield_--C-minor--.flac,"Cinematic, Dreamy, Energetic, Hopeful, Weightless"
3225,Mayfield (D-Minor),StudioRich,Stranger Vibes,,Lofi,,,88.0,Dm,240.00000000000003,Generated by Trackstar,0.0,,,Mayfield_--D-Minor--.jpg,Mayfield_--D-minor--.flac,"Cinematic, Dreamy, Energetic, Hopeful, Weightless"
3226,Memory_Drip_--Side-01--,,,,,,,0.0,,229.96,,,,,,,
3227,Memory_Drip_--Side-01--,,,,,,,0.0,,229.96,,,,,,,
3228,Memory_Lag,,,,,,,0.0,,298.20000000000005,,,,,,,
3229,Memory_Lag_--Side-1--,,,,,,,0.0,,434.64000000000004,,,,,,,
3230,Memory_Loadscreen,,,,,,,0.0,,181.04000000000002,,,,,,,
3231,Memory_Loadscreen_--Side-1--,,,,,,,0.0,,188.72,,,,,,,
3232,Midnight_Bridge_Run_--Side-1--,,,,,,,0.0,,420.0,,,,,,,
3233,Mineral_Static,,,,,,,0.0,,185.04000000000002,,,,,,,
3234,Mirage_Cascade,,,,,,,0.0,,240.00000000000003,,,,,,,
3235,Mirror Fade,,,,,,,130.0,G,264.88,,,,,,,
3236,Mirror_Fade_--Side-1--,,,,,,,0.0,,238.60000000000002,,,,,,,
3237,Misty_Signal_Ii_--Side_01--,,,,,,,0.0,,174.52,,,,,,,
3238,Misty_Signal_Ii_--Side_01--,,,,,,,0.0,,174.52,,,,,,,
3239,Morning_Broadcast_--Drift_Edit--,,,,,,,0.0,,209.92000000000002,,,,,,,
3240,Mute_Reflex,,,,,,,0.0,,294.96000000000004,,,,,,,
3241,Mute_Reflex,,,,,,,0.0,,294.96000000000004,,,,,,,
3242,Near_Her_Window,,,,,,,0.0,,218.4,,,,,,,
3243,Near_Her_Window_--Side-1--,,,,,,,0.0,,189.48000000000002,,,,,,,
3244,Nebula_Coil,,,,,,,0.0,,240.00000000000003,,,,,,,
3245,Neon_With_Teeth,,,,,,,0.0,,134.0,,,,,,,
3246,Neon_With_Teeth,,,,,,,0.0,,134.0,,,,,,,
3247,Neon_With_Teeth_--Side-01--,,,,,,,0.0,,128.20000000000002,,,,,,,
3248,Neon_With_Teeth_--Side-01--,,,,,,,0.0,,128.20000000000002,,,,,,,
3249,No_Exit_Dream,,,,,,,0.0,,255.20000000000002,,,,,,,
3250,No_Exit_Dream_--Side-1--,,,,,,,0.0,,174.76000000000002,,,,,,,
3251,Nothing_Has_Changed_--Looped--,,,,,,,0.0,,261.96000000000004,,,,,,,
3252,Nothing_Has_Changed_--Looped--_--Side-1--,,,,,,,0.0,,203.4,,,,,,,
3253,Nothing_To_Grab_Onto_--Side_1--,,,,,,,0.0,,223.4,,,,,,,
3254,Orbital_Lull,,,,,,,0.0,,160.04000000000002,,,,,,,
3255,Petal_Fade_--Side-01--,,,,,,,0.0,,155.08,,,,,,,
3256,Petal_Fade_--Side-01--,,,,,,,0.0,,155.08,,,,,,,
3257,Phantom_Crush_--Side-01--,,,,,,,0.0,,141.12,,,,,,,
3258,Phantom_Crush_--Side-01--,,,,,,,0.0,,141.12,,,,,,,
3259,Phantom_Crush_--Side-02--,,,,,,,0.0,,160.76000000000002,,,,,,,
3260,Phantom_Crush_--Side-02--,,,,,,,0.0,,160.76000000000002,,,,,,,
3261,Phantom_Crush_--Side-04--,,,,,,,0.0,,111.64,,,,,,,
3262,Phantom_Crush_--Side-04--,,,,,,,0.0,,111.64,,,,,,,
3263,Phantom_Tapestry,,,,,,,0.0,,240.00000000000003,,,,,,,
3264,Piano Of Solitude,StudioRich,Stranger Vibes,,Lofi,,,120.0,Am,152.04000000000002,Generated by Trackstar,0.0,,,Piano_Of_Solitude.jpg,Piano_of_Solitude.flac,"Haunting, Lonely, Melancholy, Tense, Weightless"
3265,Prism_Atmosphere,,,,,,,0.0,,240.00000000000003,,,,,,,
3266,Pulse_&_Petals,,,,,,,0.0,,164.60000000000002,,,,,,,
3267,Pulse_&_Petals,,,,,,,0.0,,164.60000000000002,,,,,,,
3268,Pulse_&_Petals_--Side-01--,,,,,,,0.0,,107.64,,,,,,,
3269,Pulse_&_Petals_--Side-01--,,,,,,,0.0,,107.64,,,,,,,
3270,Pulse_In_The_Haze_--Side_01--,,,,,,,0.0,,159.92000000000002,,,,,,,
3271,Pulse_In_The_Haze_--Side_01--,,,,,,,0.0,,159.92000000000002,,,,,,,
3272,Pulse_In_The_Haze_--Side_02--,,,,,,,0.0,,134.92000000000002,,,,,,,
3273,Pulse_In_The_Haze_--Side_02--,,,,,,,0.0,,134.92000000000002,,,,,,,
3274,Pulse_In_The_Haze_--Side_03--,,,,,,,0.0,,192.24,,,,,,,
3275,Pulse_In_The_Haze_--Side_03--,,,,,,,0.0,,192.24,,,,,,,
3276,Pulse_In_The_Haze_--Side_04--,,,,,,,0.0,,139.72,,,,,,,
3277,Pulse_In_The_Haze_--Side_04--,,,,,,,0.0,,139.72,,,,,,,
3278,Quiet_Geometry,,,,,,,0.0,,137.04000000000002,,,,,,,
3279,Quiet_Geometry,,,,,,,0.0,,137.04000000000002,,,,,,,
3280,Quiet_Geometry_--Side-01--,,,,,,,0.0,,134.84,,,,,,,
3281,Quiet_Geometry_--Side-01--,,,,,,,0.0,,134.84,,,,,,,
3282,Radiant_Brake_--Side-01--,,,,,,,0.0,,142.60000000000002,,,,,,,
3283,Radiant_Brake_--Side-01--,,,,,,,0.0,,142.60000000000002,,,,,,,
3284,Radiant_Flux,,,,,,,0.0,,240.00000000000003,,,,,,,
3285,Raincurve_--Side-01--,,,,,,,0.0,,183.20000000000002,,,,,,,
3286,Raincurve_--Side-01--,,,,,,,0.0,,183.20000000000002,,,,,,,
3287,Raincurve_--Side-01--_--1--,,,,,,,0.0,,183.20000000000002,,,,,,,
3288,Raincurve_--Side-01--_--1--,,,,,,,0.0,,183.20000000000002,,,,,,,
3289,Remembering_Her_Voice_--Intro--,,,,,,,0.0,,150.8,,,,,,,
3290,Remembering_Her_Voice_--Intro--_--Side-1--,,,,,,,0.0,,198.0,,,,,,,
3291,Replay_Her_Name,,,,,,,0.0,,221.8,,,,,,,
3292,Replay_Her_Name_--Side-1--,,,,,,,0.0,,187.08,,,,,,,
3293,Revival Of The Flame,StudioRich,Stranger Vibes,,Lofi,,,128.083,F#m,214.0,Generated by Trackstar,0.0,,,Revival_Of_The_Flame.jpg,Revival_of_the_Flame.flac,"Dreamy, Energetic, Gritty, Playful"
3294,Run_Loop_--Reprise--,,,,,,,0.0,,171.84,,,,,,,
3295,Run_Loop_--Reprise--_--Side-1--,,,,,,,0.0,,239.44000000000003,,,,,,,
3296,"Same_Apartment,_Different_Light_--Side-1--",,,,,,,0.0,,189.72,,,,,,,
3297,Scout’s Promise (B-Side),StudioRich,Stranger Vibes,Lucas,Lofi,,,145.0,A♭,130.36,Generated by Trackstar,0.0,,,Scout’s_Promise_--B-Side--.jpg,Scout’s_Promise_--B-Side--.flac,"Chill, Comforting, Dreamy, Gritty, Nostalgic"
3298,Sideways_Rain,,,,,,,0.0,,193.60000000000002,,,,,,,
3299,Sideways_Rain_--Side-1--,,,,,,,0.0,,190.68,,,,,,,
3300,Signal_Collision,,,,,,,0.0,,278.92,,,,,,,
3301,Signal_Trace,,,,,,,0.0,,108.88000000000001,,,,,,,
3302,Signal_Trace_--Side-1--,,,,,,,0.0,,95.96000000000001,,,,,,,
3303,Signalblush_--Side-01--,,,,,,,0.0,,159.68,,,,,,,
3304,Signalblush_--Side-01--,,,,,,,0.0,,159.68,,,,,,,
3305,Silent_Altitude,,,,,,,0.0,,134.96,,,,,,,
3306,Silent_Altitude,,,,,,,0.0,,134.96,,,,,,,
3307,Skatepark Ruins (A-Side),StudioRich,Stranger Vibes,,Lofi,Weight,,117.75,Bbm,114.24000000000001,Generated by Trackstar,5.0,,,Skatepark_Ruins_--A-Side--.jpg,Skatepark_Ruins--A-Side--.flac,"Dreamy, Gritty, Haunting, Lonely"
3308,Skip_Sequence,,,,,,,0.0,,139.92000000000002,,,,,,,
3309,Skip_Sequence,,,,,,,0.0,,139.92000000000002,,,,,,,
3310,Skip_Sequence_--Side-01--,,,,,,,0.0,,181.92000000000002,,,,,,,
3311,Skip_Sequence_--Side-01--,,,,,,,0.0,,181.92000000000002,,,,,,,
3312,Skylight_Bloom,,,,,,,0.0,,140.68,,,,,,,
3313,Skylight_Bloom,,,,,,,0.0,,140.68,,,,,,,
3314,Skylight_Bloom_--Side-01--,,,,,,,0.0,,143.96,,,,,,,
3315,Skylight_Bloom_--Side-01--,,,,,,,0.0,,143.96,,,,,,,
3316,Skyline_Haze,,,,,,,0.0,,169.08,,,,,,,
3317,Skylines & Softbeats,,,,,,,127.473,G#m,449.0,,,,,,,
3318,Skylines_&_Softbeats,,,,,,,0.0,,449.0,,,,,,,
3319,Skylines_&_Softbeats_--Side-01--,,,,,,,0.0,,198.72,,,,,,,
3320,Skylines_&_Softbeats_--Side-01--,,,,,,,0.0,,198.72,,,,,,,
3321,Snowstatic_--Side-01--,,,,,,,0.0,,164.56,,,,,,,
3322,Snowstatic_--Side-01--,,,,,,,0.0,,164.56,,,,,,,
3323,Sodium_Flicker,,,,,,,0.0,,222.84,,,,,,,
3324,Sodium_Flicker_--Side-1--,,,,,,,0.0,,166.12,,,,,,,
3325,Soft_Dawn_Tape,,,,,,,0.0,,327.0,,,,,,,
3326,Soft_Dawn_Tape_--Side-1--,,,,,,,0.0,,414.96000000000004,,,,,,,
3327,Soft_Disconnect,,,,,,,0.0,,364.64000000000004,,,,,,,
3328,Soft_Disconnect_--Side-1--,,,,,,,0.0,,220.96,,,,,,,
3329,Softcore_Velocity,,,,,,,0.0,,124.84,,,,,,,
3330,Softcore_Velocity,,,,,,,0.0,,124.84,,,,,,,
3331,Solar_Flare_Daydream,,,,,,,0.0,,240.00000000000003,,,,,,,
3332,Soul_Trace,,,,,,,0.0,,173.4,,,,,,,
3333,Soul_Trace,,,,,,,0.0,,173.4,,,,,,,
3334,Soul_Trace_--Side-01--,,,,,,,0.0,,144.72,,,,,,,
3335,Soul_Trace_--Side-01--,,,,,,,0.0,,144.72,,,,,,,
3336,Spectral_Pulse,,,,,,,0.0,,240.00000000000003,,,,,,,
3337,Starlight_Murmur,,,,,,,0.0,,240.00000000000003,,,,,,,
3338,Static_Panorama,,,,,,,0.0,,240.00000000000003,,,,,,,
3339,Still_Between_Beats_--Side-01--,,,,,,,0.0,,177.48000000000002,,,,,,,
3340,Still_Between_Beats_--Side-01--,,,,,,,0.0,,177.48000000000002,,,,,,,
3341,Stranger Vibes (Just Us),,,,,,,93.0,G,169.96,,,,,,,
3342,Sweatshirt_Blur,,,,,,,0.0,,173.56,,,,,,,
3343,Sweatshirt_Blur_--Side-1--,,,,,,,0.0,,107.28,,,,,,,
3344,Tape From The Other Side (Studiorich Edit),StudioRich,Stranger Vibes,,Lofi,,,152.0,B,87.52000000000001,Generated by Trackstar,0.0,,,Tape_From_The_Other_Side_--Studiorich_Edit--.jpg,Tape_from_the_Other_Side_--StudioRich_Edit--.flac,"Cinematic, Dreamy, Haunting, Hopeful, Intimate, Melancholy"
3345,The_Way_The_Air_Moves_--Side_01--,,,,,,,0.0,,175.08,,,,,,,
3346,The_Way_The_Air_Moves_--Side_01--,,,,,,,0.0,,175.08,,,,,,,
3347,Touch_Echo,,,,,,,0.0,,268.76,,,,,,,
3348,Touch_Echo,,,,,,,0.0,,268.76,,,,,,,
3349,Touch_Echo_--Side-01--,,,,,,,0.0,,110.64,,,,,,,
3350,Touch_Echo_--Side-01--,,,,,,,0.0,,110.64,,,,,,,
3351,Twilight_Vibration,,,,,,,0.0,,130.72,,,,,,,
3352,Twilight_Vibration,,,,,,,0.0,,130.72,,,,,,,
3353,Twilight_Vibration_--Side-01--,,,,,,,0.0,,144.36,,,,,,,
3354,Twilight_Vibration_--Side-01--,,,,,,,0.0,,144.36,,,,,,,
3355,Vapor_Trace,,,,,,,0.0,,240.00000000000003,,,,,,,
3356,Voice_Inside_Static,,,,,,,0.0,,306.12,,,,,,,
3357,Voice_Inside_Static_--Side-1--,,,,,,,0.0,,242.84,,,,,,,
3358,Watching_The_Blur_--Side_1--,,,,,,,0.0,,152.68,,,,,,,
3359,Weight_Of_Nothing_--Side_01--,,,,,,,0.0,,202.76000000000002,,,,,,,
3360,Weight_Of_Nothing_--Side_01--,,,,,,,0.0,,202.76000000000002,,,,,,,
3361,Window_Crash_Sequence,,,,,,,0.0,,147.76000000000002,,,,,,,
3362,Window_Crash_Sequence_--Side-1--,,,,,,,0.0,,134.88,,,,,,,
3363,Window_Glow,,,,,,,0.0,,95.96000000000001,,,,,,,
3364,Window_Glow_--Side-1--,,,,,,,0.0,,46.400000000000006,,,,,,,
3365,Maxine’s Drift,StudioRich,Stranger Vibes,,Lofi,Echo,,87.8873,Cm,141.96,Generated by Trackstar,5.0,,,Maxine’s_Drift.jpg,Maxine’s_Drift.flac,"Chill, Comforting, Dreamy, Gritty, Nostalgic"
3366,Test Chamber Loop,,,Eleven,,,,83.0,C,139.879979166,,,,,,,
3367,Test Chamber Loop (S01),,,Eleven,,,,80.0,Bb,204.959979166,,,,,,,
3368,Static Door Echo,,,Eleven,,,,144.16666666666666,Eb,224.35997916600002,,,,,,,
3369,Static Door Echo (S01),,,Eleven,,,,113.75,C,188.399979166,,,,,,,
3370,MK1 Monitor Pulse,,,Eleven,,,,135.0,C,134.959979166,,,,,,,
3371,Mind Wipe Hiss,,,Eleven,,,,189.0,Bb,194.91997916600002,,,,,,,
3372,Mind Wipe Hiss (S01),,,Eleven,,,,130.0,D,186.19997916600002,,,,,,,
3373,MK1 Monitor Pulse (S01),,,Eleven,,,,92.0,G,152.559979166,,,,,,,
3374,Maxine’s Drift (A-Side),StudioRich,Stranger Vibes,,Lofi,Echo,,120.0,Bb,131.96,Generated by Trackstar,5.0,,,Maxine’s_Drift_--A-Side--.jpg,Maxine’s_Drift_--A-Side--.flac,"Chill, Dreamy, Gritty, Lonely, Melancholy, Weightless"
3375,Cloud_Rust_--Side-01--,,Decent & Fade,,Jungle Soul,,,0.0,,186.03997916600002,,,,,,,
3376,Cloud_Rust,,Decent & Fade,,Jungle Soul,,,0.0,,107.479979166,,,,,,,
3377,Ember_Channel_--Side-01--,,Decent & Fade,,Jungle Soul,,,0.0,,107.95997916600001,,,,,,,
3378,Ember_Channel,,Decent & Fade,,Jungle Soul,,,0.0,,127.95997916600001,,,,,,,
3379,Glide_Memory_--Side-01--,,Decent & Fade,,Jungle Soul,,,0.0,,167.439979166,,,,,,,
3380,Glide_Memory,,Decent & Fade,,Jungle Soul,,,0.0,,134.799979166,,,,,,,
3381,Mute_Reflex_Side_01_,,Decent & Fade,,Jungle Soul,,,0.0,,270.319979166,,,,,,,
3382,Mute_Reflex,,Decent & Fade,,Jungle Soul,,,0.0,,294.95997916600004,,,,,,,
3383,Radiant_Brake_--Side-01--,,Decent & Fade,,Jungle Soul,,,0.0,,142.599979166,,,,,,,
3384,Radiant_Brake,,Decent & Fade,,Jungle Soul,,,0.0,,158.599979166,,,,,,,
3385,Signalblush_--Side-01--,,Decent & Fade,,Jungle Soul,,,0.0,,159.679979166,,,,,,,
3386,Signalblush,,Decent & Fade,,Jungle Soul,,,0.0,,162.399979166,,,,,,,
3387,Skip_Sequence_--Side-01--,,Decent & Fade,,Jungle Soul,,,0.0,,181.91997916600002,,,,,,,
3388,Skip_Sequence,,Decent & Fade,,Jungle Soul,,,0.0,,139.91997916600002,,,,,,,
3389,Snowstatic_--Side-01--,,Decent & Fade,,Jungle Soul,,,0.0,,164.559979166,,,,,,,
3390,Snowstatic,,Decent & Fade,,Jungle Soul,,,0.0,,167.879979166,,,,,,,
3391,Soul_Trace_--Side-01--,,Decent & Fade,,Jungle Soul,,,0.0,,144.719979166,,,,,,,
3392,Soul_Trace,,Decent & Fade,,Jungle Soul,,,0.0,,173.399979166,,,,,,,
3393,Vaporphase_Side_01_,,Decent & Fade,,Jungle Soul,,,0.0,,149.319979166,,,,,,,
3394,Vaporphase,,Decent & Fade,,Jungle Soul,,,0.0,,119.999979166,,,,,,,
3395,Faint_Return_--Side-01--,,Echo Blur,,Jungle Soul,,,0.0,,226.119979166,,,,,,,
3396,Faint_Return,,Echo Blur,,Jungle Soul,,,0.0,,141.719979166,,,,,,,
3397,Feather_Circuit_--Side-01--,,Echo Blur,,Jungle Soul,,,0.0,,144.279979166,,,,,,,
3398,Feather_Circuit,,Echo Blur,,Jungle Soul,,,0.0,,207.719979166,,,,,,,
3399,Heartbeat_Mosaic_--Side-01--,,Echo Blur,,Jungle Soul,,,0.0,,117.359979166,,,,,,,
3400,Hollow_Frequency_--Side-01--,,Echo Blur,,Jungle Soul,,,0.0,,170.239979166,,,,,,,
3401,Hollow_Frequency,,Echo Blur,,Jungle Soul,,,0.0,,159.999979166,,,,,,,
3402,Lo_Pulse_--Side-01--,,Echo Blur,,Jungle Soul,,,0.0,,129.91997916600002,,,,,,,
3403,Lo_Pulse,,Echo Blur,,Jungle Soul,,,0.0,,143.959979166,,,,,,,
3404,Neon_With_Teeth_--Side-01--,,Echo Blur,,Jungle Soul,,,0.0,,128.19997916600002,,,,,,,
3405,Neon_With_Teeth,,Echo Blur,,Jungle Soul,,,0.0,,133.999979166,,,,,,,
3406,Quiet_Geometry_--Side-01--,,Echo Blur,,Jungle Soul,,,0.0,,134.839979166,,,,,,,
3407,Quiet_Geometry,,Echo Blur,,Jungle Soul,,,0.0,,137.039979166,,,,,,,
3408,Raincurve_--Side-01--_--1--,,Echo Blur,,Jungle Soul,,,0.0,,183.19997916600002,,,,,,,
3409,Raincurve_--Side-01--,,Echo Blur,,Jungle Soul,,,0.0,,183.19997916600002,,,,,,,
3410,Raincurve,,Echo Blur,,Jungle Soul,,,0.0,,112.279979166,,,,,,,
3411,Touch_Echo_--Side-01--,,Echo Blur,,Jungle Soul,,,0.0,,110.639979166,,,,,,,
3412,Touch_Echo,,Echo Blur,,Jungle Soul,,,0.0,,268.759979166,,,,,,,
3413,Drift_Tempo_--Side-01--,,Emotional Lift,,Jungle Soul,,,0.0,,173.599979166,,,,,,,
3414,Drift_Tempo,,Emotional Lift,,Jungle Soul,,,0.0,,133.159979166,,,,,,,
3415,Fast_Crush_Side_01_,,Emotional Lift,,Jungle Soul,,,0.0,,146.279979166,,,,,,,
3416,Fast_Crush,,Emotional Lift,,Jungle Soul,,,0.0,,197.959979166,,,,,,,
3417,Memory_Drip_--Side-01--,,Emotional Lift,,Jungle Soul,,,0.0,,229.959979166,,,,,,,
3418,Memory_Drip,,Emotional Lift,,Jungle Soul,,,0.0,,227.839979166,,,,,,,
3419,Petal_Fade_--Side-01--,,Emotional Lift,,Jungle Soul,,,0.0,,155.07997916600002,,,,,,,
3420,Petal_Fade,,Emotional Lift,,Jungle Soul,,,0.0,,228.999979166,,,,,,,
3421,Phantom_Crush_--Side-01--,,Emotional Lift,,Jungle Soul,,,0.0,,141.119979166,,,,,,,
3422,Phantom_Crush_--Side-02--,,Emotional Lift,,Jungle Soul,,,0.0,,160.75997916600002,,,,,,,
3423,Phantom_Crush_--Side-04--,,Emotional Lift,,Jungle Soul,,,0.0,,111.639979166,,,,,,,
3424,Phantom_Crush_Side_03_,,Emotional Lift,,Jungle Soul,,,0.0,,95.95997916600001,,,,,,,
3425,Pulse_&_Petals_--Side-01--,,Emotional Lift,,Jungle Soul,,,0.0,,107.639979166,,,,,,,
3426,Pulse_&_Petals,,Emotional Lift,,Jungle Soul,,,0.0,,164.599979166,,,,,,,
3427,Pulse_In_The_Haze_--Side_01--,,Emotional Lift,,Jungle Soul,,,0.0,,159.91997916600002,,,,,,,
3428,Pulse_In_The_Haze_--Side_02--,,Emotional Lift,,Jungle Soul,,,0.0,,134.91997916600002,,,,,,,
3429,Pulse_In_The_Haze_--Side_03--,,Emotional Lift,,Jungle Soul,,,0.0,,192.239979166,,,,,,,
3430,Pulse_In_The_Haze_--Side_04--,,Emotional Lift,,Jungle Soul,,,0.0,,139.719979166,,,,,,,
3431,The_Way_The_Air_Moves_--Side_01--,,Emotional Lift,,Jungle Soul,,,0.0,,175.07997916600002,,,,,,,
3432,The_Way_The_Air_Moves,,Emotional Lift,,Jungle Soul,,,0.0,,134.63997916600002,,,,,,,
3433,160_&_Holding_--Side-01--,,Memory in Motion,,Jungle Soul,,,0.0,,125.199979166,,,,,,,
3434,160_&_Holding,,Memory in Motion,,Jungle Soul,,,0.0,,183.31997916600002,,,,,,,
3435,Above_The_Loop_--Side_01--,,Memory in Motion,,Jungle Soul,,,0.0,,92.359979166,,,,,,,
3436,Above_The_Loop,,Memory in Motion,,Jungle Soul,,,0.0,,106.639979166,,,,,,,
3437,Blurred_Signal_--Side-01--,,Memory in Motion,,Jungle Soul,,,0.0,,137.559979166,,,,,,,
3438,Blurred_Signal,,Memory in Motion,,Jungle Soul,,,0.0,,138.599979166,,,,,,,
3439,Cryloop.Exe_--Side_01--,,Memory in Motion,,Jungle Soul,,,0.0,,168.279979166,,,,,,,
3440,Cryloop.Exe,,Memory in Motion,,Jungle Soul,,,0.0,,163.679979166,,,,,,,
3441,Float_Trigger_--Side-01--,,Memory in Motion,,Jungle Soul,,,0.0,,155.279979166,,,,,,,
3442,Float_Trigger,,Memory in Motion,,Jungle Soul,,,0.0,,137.959979166,,,,,,,
3443,Glass_Transit_--Side-01--,,Memory in Motion,,Jungle Soul,,,0.0,,170.559979166,,,,,,,
3444,Glass_Transit,,Memory in Motion,,Jungle Soul,,,0.0,,134.47997916600002,,,,,,,
3445,Skylight_Bloom_--Side-01--,,Memory in Motion,,Jungle Soul,,,0.0,,143.959979166,,,,,,,
3446,Skylight_Bloom,,Memory in Motion,,Jungle Soul,,,0.0,,140.679979166,,,,,,,
3447,Skylines_&_Softbeats_--Side-01--,,Memory in Motion,,Jungle Soul,,,0.0,,198.719979166,,,,,,,
3448,Skylines_&_Softbeats,,Memory in Motion,,Jungle Soul,,,0.0,,448.999979166,,,,,,,
3449,Softcore_Velocity_Side_01_,,Memory in Motion,,Jungle Soul,,,0.0,,142.63997916600002,,,,,,,
3450,Softcore_Velocity,,Memory in Motion,,Jungle Soul,,,0.0,,124.839979166,,,,,,,
3451,Weight_Of_Nothing_--Side_01--,,Memory in Motion,,Jungle Soul,,,0.0,,202.75997916600002,,,,,,,
3452,Weight_Of_Nothing,,Memory in Motion,,Jungle Soul,,,0.0,,151.319979166,,,,,,,
3453,Air_Between_Us_--Side-01--,,Opening Air,,Jungle Soul,,,0.0,,150.879979166,,,,,,,
3454,Air_Between_Us,,Opening Air,,Jungle Soul,,,0.0,,178.879979166,,,,,,,
3455,Breath_Delay_Ii_--Side_01--,,Opening Air,,Jungle Soul,,,0.0,,155.959979166,,,,,,,
3456,Breath_Delay_Ii,,Opening Air,,Jungle Soul,,,0.0,,163.959979166,,,,,,,
3457,Cloudtype_Ii_Side_01_,,Opening Air,,Jungle Soul,,,0.0,,184.879979166,,,,,,,
3458,Cloudtype_Ii,,Opening Air,,Jungle Soul,,,0.0,,126.559979166,,,,,,,
3459,Echo_Float_--Side-01--,,Opening Air,,Jungle Soul,,,0.0,,161.91997916600002,,,,,,,
3460,Echo_Float,,Opening Air,,Jungle Soul,,,0.0,,183.879979166,,,,,,,
3461,Glass_Drift_--Side-01--,,Opening Air,,Jungle Soul,,,0.0,,214.35997916600002,,,,,,,
3462,Glass_Drift,,Opening Air,,Jungle Soul,,,0.0,,151.399979166,,,,,,,
3463,Halo_Fade_Side_01_,,Opening Air,,Jungle Soul,,,0.0,,180.799979166,,,,,,,
3464,Halo_Fade,,Opening Air,,Jungle Soul,,,0.0,,179.879979166,,,,,,,
3465,Misty_Signal_Ii_--Side_01--,,Opening Air,,Jungle Soul,,,0.0,,174.519979166,,,,,,,
3466,Misty_Signal_Ii,,Opening Air,,Jungle Soul,,,0.0,,243.47997916600002,,,,,,,
3467,Silent_Altitude_Side_01_,,Opening Air,,Jungle Soul,,,0.0,,78.359979166,,,,,,,
3468,Silent_Altitude,,Opening Air,,Jungle Soul,,,0.0,,134.959979166,,,,,,,
3469,Still_Between_Beats_--Side-01--,,Opening Air,,Jungle Soul,,,0.0,,177.47997916600002,,,,,,,
3470,Still_Between_Beats,,Opening Air,,Jungle Soul,,,0.0,,159.19997916600002,,,,,,,
3471,Twilight_Vibration_--Side-01--,,Opening Air,,Jungle Soul,,,0.0,,144.35997916600002,,,,,,,
3472,Twilight_Vibration,,Opening Air,,Jungle Soul,,,0.0,,130.719979166,,,,,,,
